State	Filed week ended	Initial Claims	Reflecting Week Ended	Continued Claims	Covered Employment	Insured Unemployment Rate
Alabama	01/04/2020	4,578	12/28/2019	18,523	1,923,741	0.96
Alabama	01/11/2020	3,629	01/04/2020	21,143	1,923,741	1.10
Alabama	01/18/2020	2,483	01/11/2020	17,402	1,923,741	0.90
Alabama	01/25/2020	2,129	01/18/2020	18,390	1,923,741	0.96
Alabama	02/01/2020	2,170	01/25/2020	17,284	1,923,741	0.90
Alabama	02/08/2020	2,176	02/01/2020	16,745	1,923,741	0.87
Alabama	02/15/2020	1,981	02/08/2020	16,571	1,923,741	0.86
Alabama	02/22/2020	1,735	02/15/2020	16,059	1,923,741	0.83
Alabama	02/29/2020	1,575	02/22/2020	14,721	1,923,741	0.77
Alabama	03/07/2020	1,663	02/29/2020	13,657	1,923,741	0.71
Alabama	03/14/2020	1,819	03/07/2020	13,070	1,923,741	0.68
Alabama	03/21/2020	10,892	03/14/2020	12,487	1,923,741	0.65
Alabama	03/28/2020	80,984	03/21/2020	18,083	1,923,741	0.94
Alabama	04/04/2020	106,739	03/28/2020	52,176	1,923,741	2.71
Alabama	04/11/2020	77,515	04/04/2020	95,325	1,929,897	4.94
Alabama	04/18/2020	66,432	04/11/2020	144,327	1,929,897	7.48
Alabama	04/25/2020	74,966	04/18/2020	173,855	1,929,897	9.01
Alabama	05/02/2020	28,985	04/25/2020	214,684	1,929,897	11.12
Alabama	05/09/2020	26,666	05/02/2020	216,856	1,929,897	11.24
Alabama	05/16/2020	25,150	05/09/2020	203,677	1,929,897	10.55
Alabama	05/23/2020	27,919	05/16/2020	190,205	1,929,897	9.86
Alabama	05/30/2020	21,335	05/23/2020	183,565	1,929,897	9.51
Alabama	06/06/2020	19,949	05/30/2020	180,245	1,929,897	9.34
Alabama	06/13/2020	18,367	06/06/2020	163,982	1,929,897	8.50
Alabama	06/20/2020	18,671	06/13/2020	150,002	1,929,897	7.77
Alabama	06/27/2020	18,338	06/20/2020	141,450	1,929,897	7.33
Alabama	07/04/2020	19,056	06/27/2020	138,272	1,929,897	7.16
Alabama	07/11/2020	20,563	07/04/2020	117,388	1,935,262	6.07
Alaska	01/04/2020	981	12/28/2019	10,177	306,493	3.32
Alaska	01/11/2020	1,371	01/04/2020	9,310	307,329	3.03
Alaska	01/18/2020	1,181	01/11/2020	9,984	307,329	3.25
Alaska	01/25/2020	1,003	01/18/2020	9,496	307,329	3.09
Alaska	02/01/2020	1,122	01/25/2020	9,579	307,329	3.12
Alaska	02/08/2020	980	02/01/2020	9,161	307,329	2.98
Alaska	02/15/2020	915	02/08/2020	9,343	307,329	3.04
Alaska	02/22/2020	773	02/15/2020	8,864	307,329	2.88
Alaska	02/29/2020	874	02/22/2020	8,938	307,329	2.91
Alaska	03/07/2020	815	02/29/2020	8,266	307,329	2.69
Alaska	03/14/2020	1,120	03/07/2020	8,522	307,329	2.77
Alaska	03/21/2020	7,847	03/14/2020	8,512	307,329	2.77
Alaska	03/28/2020	13,774	03/21/2020	11,173	307,329	3.64
Alaska	04/04/2020	14,590	03/28/2020	19,845	307,329	6.46
Alaska	04/11/2020	12,007	04/04/2020	35,365	308,137	11.48
Alaska	04/18/2020	12,201	04/11/2020	48,096	308,137	15.61
Alaska	04/25/2020	10,313	04/18/2020	52,022	308,137	16.88
Alaska	05/02/2020	8,718	04/25/2020	49,893	308,137	16.19
Alaska	05/09/2020	7,807	05/02/2020	50,791	308,137	16.48
Alaska	05/16/2020	7,741	05/09/2020	50,049	308,137	16.24
Alaska	05/23/2020	8,152	05/16/2020	48,000	308,137	15.58
Alaska	05/30/2020	7,452	05/23/2020	47,344	308,137	15.36
Alaska	06/06/2020	7,081	05/30/2020	47,123	308,137	15.29
Alaska	06/13/2020	6,797	06/06/2020	45,792	308,137	14.86
Alaska	06/20/2020	6,757	06/13/2020	44,380	308,137	14.40
Alaska	06/27/2020	6,467	06/20/2020	43,208	308,137	14.02
Alaska	07/04/2020	6,124	06/27/2020	42,110	308,137	13.67
Alaska	07/11/2020	9,572	07/04/2020	43,225	308,691	14.00
Arkansas	01/04/2020	2,576	12/28/2019	15,323	1,193,713	1.28
Arkansas	01/11/2020	2,493	01/04/2020	15,536	1,195,622	1.30
Arkansas	01/18/2020	1,729	01/11/2020	13,229	1,195,622	1.11
Arkansas	01/25/2020	1,683	01/18/2020	12,331	1,195,622	1.03
Arkansas	02/01/2020	1,837	01/25/2020	13,210	1,195,622	1.10
Arkansas	02/08/2020	1,724	02/01/2020	12,964	1,195,622	1.08
Arkansas	02/15/2020	1,602	02/08/2020	12,979	1,195,622	1.09
Arkansas	02/22/2020	1,055	02/15/2020	12,546	1,195,622	1.05
Arkansas	02/29/2020	1,418	02/22/2020	12,244	1,195,622	1.02
Arkansas	03/07/2020	1,843	02/29/2020	11,618	1,195,622	0.97
Arkansas	03/14/2020	1,382	03/07/2020	11,514	1,195,622	0.96
Arkansas	03/21/2020	9,275	03/14/2020	10,988	1,195,622	0.92
Arkansas	03/28/2020	27,756	03/21/2020	16,148	1,195,622	1.35
Arkansas	04/04/2020	62,086	03/28/2020	36,499	1,195,622	3.05
Arkansas	04/11/2020	35,629	04/04/2020	66,511	1,196,468	5.56
Arkansas	04/18/2020	25,404	04/11/2020	91,278	1,196,468	7.63
Arkansas	04/25/2020	17,671	04/18/2020	109,337	1,196,468	9.14
Arkansas	05/02/2020	13,448	04/25/2020	119,332	1,196,468	9.97
Arkansas	05/09/2020	13,152	05/02/2020	122,522	1,196,468	10.24
Arkansas	05/16/2020	11,427	05/09/2020	122,408	1,196,468	10.23
Arkansas	05/23/2020	10,825	05/16/2020	120,043	1,196,468	10.03
Arkansas	05/30/2020	8,481	05/23/2020	115,365	1,196,468	9.64
Arkansas	06/06/2020	9,663	05/30/2020	115,482	1,196,468	9.65
Arkansas	06/13/2020	9,381	06/06/2020	113,623	1,196,468	9.50
Arkansas	06/20/2020	9,669	06/13/2020	112,189	1,196,468	9.38
Arkansas	06/27/2020	10,395	06/20/2020	108,691	1,196,468	9.08
Arkansas	07/04/2020	10,832	06/27/2020	104,692	1,196,468	8.75
Arkansas	07/11/2020	14,155	07/04/2020	99,083	1,197,760	8.27
Arizona	01/04/2020	3,132	12/28/2019	17,991	2,864,180	0.63
Arizona	01/11/2020	4,654	01/04/2020	18,259	2,864,180	0.64
Arizona	01/18/2020	4,152	01/11/2020	18,421	2,864,180	0.64
Arizona	01/25/2020	3,475	01/18/2020	18,401	2,864,180	0.64
Arizona	02/01/2020	3,807	01/25/2020	18,854	2,864,180	0.66
Arizona	02/08/2020	3,636	02/01/2020	18,461	2,864,180	0.64
Arizona	02/15/2020	3,538	02/08/2020	18,516	2,864,180	0.65
Arizona	02/22/2020	3,151	02/15/2020	18,217	2,864,180	0.64
Arizona	02/29/2020	3,086	02/22/2020	18,137	2,864,180	0.63
Arizona	03/07/2020	3,357	02/29/2020	17,593	2,864,180	0.61
Arizona	03/14/2020	3,844	03/07/2020	17,595	2,864,180	0.61
Arizona	03/21/2020	29,348	03/14/2020	18,108	2,864,180	0.63
Arizona	03/28/2020	88,940	03/21/2020	26,387	2,864,180	0.92
Arizona	04/04/2020	132,428	03/28/2020	62,597	2,864,180	2.19
Arizona	04/11/2020	98,531	04/04/2020	120,592	2,864,180	4.21
Arizona	04/18/2020	72,457	04/11/2020	170,262	2,885,408	5.90
Arizona	04/25/2020	52,581	04/18/2020	196,401	2,885,408	6.81
Arizona	05/02/2020	43,023	04/25/2020	218,760	2,885,408	7.58
Arizona	05/09/2020	31,570	05/02/2020	228,806	2,885,408	7.93
Arizona	05/16/2020	31,957	05/09/2020	230,566	2,885,408	7.99
Arizona	05/23/2020	26,868	05/16/2020	217,968	2,885,408	7.55
Arizona	05/30/2020	22,012	05/23/2020	209,944	2,885,408	7.28
Arizona	06/06/2020	24,367	05/30/2020	210,605	2,885,408	7.30
Arizona	06/13/2020	22,419	06/06/2020	209,529	2,885,408	7.26
Arizona	06/20/2020	25,886	06/13/2020	217,934	2,885,408	7.55
Arizona	06/27/2020	26,328	06/20/2020	217,505	2,885,408	7.54
Arizona	07/04/2020	25,774	06/27/2020	216,603	2,885,408	7.51
Arizona	07/11/2020	28,695	07/04/2020	227,419	2,905,807	7.83
California	01/04/2020	36,720	12/28/2019	359,606	17,203,829	2.09
California	01/11/2020	51,993	01/04/2020	356,376	17,265,039	2.06
California	01/18/2020	64,858	01/11/2020	376,947	17,265,039	2.18
California	01/25/2020	45,596	01/18/2020	336,269	17,265,039	1.95
California	02/01/2020	43,458	01/25/2020	388,341	17,265,039	2.25
California	02/08/2020	40,392	02/01/2020	359,156	17,265,039	2.08
California	02/15/2020	43,445	02/08/2020	375,305	17,265,039	2.17
California	02/22/2020	34,979	02/15/2020	349,252	17,265,039	2.02
California	02/29/2020	41,678	02/22/2020	369,988	17,265,039	2.14
California	03/07/2020	43,385	02/29/2020	378,864	17,265,039	2.19
California	03/14/2020	57,606	03/07/2020	351,344	17,265,039	2.04
California	03/21/2020	186,333	03/14/2020	421,912	17,265,039	2.44
California	03/28/2020	1,058,325	03/21/2020	400,565	17,265,039	2.32
California	04/04/2020	918,814	03/28/2020	1,076,761	17,265,039	6.24
California	04/11/2020	655,472	04/04/2020	1,429,954	17,330,010	8.25
California	04/18/2020	528,360	04/11/2020	2,422,458	17,330,010	13.98
California	04/25/2020	325,343	04/18/2020	1,887,575	17,330,010	10.89
California	05/02/2020	316,257	04/25/2020	4,808,361	17,330,010	27.75
California	05/09/2020	212,667	05/02/2020	2,850,204	17,330,010	16.45
California	05/16/2020	244,431	05/09/2020	3,565,153	17,330,010	20.57
California	05/23/2020	203,262	05/16/2020	2,155,310	17,330,010	12.44
California	05/30/2020	228,634	05/23/2020	2,752,401	17,330,010	15.88
California	06/06/2020	255,836	05/30/2020	2,812,484	17,330,010	16.23
California	06/13/2020	241,424	06/06/2020	3,001,413	17,330,010	17.32
California	06/20/2020	284,494	06/13/2020	2,779,425	17,330,010	16.04
California	06/27/2020	277,362	06/20/2020	2,901,601	17,330,010	16.74
California	07/04/2020	264,791	06/27/2020	2,758,474	17,330,010	15.92
California	07/11/2020	284,914	07/04/2020	2,946,807	17,396,834	16.94
Colorado	01/04/2020	2,431	12/28/2019	21,391	2,635,231	0.81
Colorado	01/11/2020	3,001	01/04/2020	21,492	2,650,335	0.81
Colorado	01/18/2020	2,522	01/11/2020	21,104	2,650,335	0.80
Colorado	01/25/2020	2,164	01/18/2020	22,738	2,650,335	0.86
Colorado	02/01/2020	2,049	01/25/2020	21,560	2,650,335	0.81
Colorado	02/08/2020	2,482	02/01/2020	22,881	2,650,335	0.86
Colorado	02/15/2020	2,209	02/08/2020	22,076	2,650,335	0.83
Colorado	02/22/2020	1,862	02/15/2020	23,694	2,650,335	0.89
Colorado	02/29/2020	1,681	02/22/2020	22,409	2,650,335	0.85
Colorado	03/07/2020	1,865	02/29/2020	22,908	2,650,335	0.86
Colorado	03/14/2020	2,321	03/07/2020	21,260	2,650,335	0.80
Colorado	03/21/2020	19,774	03/14/2020	21,309	2,650,335	0.80
Colorado	03/28/2020	61,838	03/21/2020	21,956	2,650,335	0.83
Colorado	04/04/2020	46,326	03/28/2020	73,584	2,650,335	2.78
Colorado	04/11/2020	104,572	04/04/2020	166,593	2,666,358	6.25
Colorado	04/18/2020	67,639	04/11/2020	171,434	2,666,358	6.43
Colorado	04/25/2020	38,662	04/18/2020	228,713	2,666,358	8.58
Colorado	05/02/2020	28,360	04/25/2020	228,683	2,666,358	8.58
Colorado	05/09/2020	22,732	05/02/2020	261,951	2,666,358	9.82
Colorado	05/16/2020	18,054	05/09/2020	246,507	2,666,358	9.25
Colorado	05/23/2020	15,719	05/16/2020	265,499	2,666,358	9.96
Colorado	05/30/2020	12,519	05/23/2020	244,600	2,666,358	9.17
Colorado	06/06/2020	13,098	05/30/2020	263,810	2,666,358	9.89
Colorado	06/13/2020	10,382	06/06/2020	242,785	2,666,358	9.11
Colorado	06/20/2020	10,013	06/13/2020	259,341	2,666,358	9.73
Colorado	06/27/2020	8,646	06/20/2020	237,236	2,666,358	8.90
Colorado	07/04/2020	7,928	06/27/2020	246,108	2,666,358	9.23
Colorado	07/11/2020	10,554	07/04/2020	228,224	2,681,376	8.51
Connecticut	01/04/2020	7,852	12/28/2019	46,562	1,655,540	2.81
Connecticut	01/11/2020	5,986	01/04/2020	47,540	1,654,391	2.87
Connecticut	01/18/2020	3,776	01/11/2020	42,483	1,654,391	2.57
Connecticut	01/25/2020	2,949	01/18/2020	41,760	1,654,391	2.52
Connecticut	02/01/2020	2,994	01/25/2020	41,725	1,654,391	2.52
Connecticut	02/08/2020	2,944	02/01/2020	41,633	1,654,391	2.52
Connecticut	02/15/2020	2,520	02/08/2020	39,384	1,654,391	2.38
Connecticut	02/22/2020	2,435	02/15/2020	41,691	1,654,391	2.52
Connecticut	02/29/2020	2,843	02/22/2020	42,168	1,654,391	2.55
Connecticut	03/07/2020	2,527	02/29/2020	40,638	1,654,391	2.46
Connecticut	03/14/2020	3,440	03/07/2020	39,786	1,654,391	2.40
Connecticut	03/21/2020	25,100	03/14/2020	44,194	1,654,391	2.67
Connecticut	03/28/2020	33,227	03/21/2020	80,861	1,654,391	4.89
Connecticut	04/04/2020	33,464	03/28/2020	147,939	1,654,391	8.94
Connecticut	04/11/2020	34,050	04/04/2020	189,196	1,653,302	11.44
Connecticut	04/18/2020	102,808	04/11/2020	306,047	1,653,302	18.51
Connecticut	04/25/2020	33,041	04/18/2020	309,111	1,653,302	18.70
Connecticut	05/02/2020	36,138	04/25/2020	297,549	1,653,302	18.00
Connecticut	05/09/2020	30,046	05/02/2020	319,529	1,653,302	19.33
Connecticut	05/16/2020	25,960	05/09/2020	297,088	1,653,302	17.97
Connecticut	05/23/2020	16,603	05/16/2020	272,695	1,653,302	16.49
Connecticut	05/30/2020	14,208	05/23/2020	248,663	1,653,302	15.04
Connecticut	06/06/2020	15,366	05/30/2020	269,117	1,653,302	16.28
Connecticut	06/13/2020	11,852	06/06/2020	260,518	1,653,302	15.76
Connecticut	06/20/2020	10,411	06/13/2020	250,774	1,653,302	15.17
Connecticut	06/27/2020	10,133	06/20/2020	247,195	1,653,302	14.95
Connecticut	07/04/2020	12,267	06/27/2020	251,926	1,653,302	15.24
Connecticut	07/11/2020	9,955	07/04/2020	254,461	1,652,033	15.40
Delaware	01/04/2020	875	12/28/2019	6,881	441,663	1.56
Delaware	01/11/2020	1,107	01/04/2020	7,083	443,288	1.60
Delaware	01/18/2020	830	01/11/2020	5,967	443,288	1.35
Delaware	01/25/2020	674	01/18/2020	5,703	443,288	1.29
Delaware	02/01/2020	622	01/25/2020	6,830	443,288	1.54
Delaware	02/08/2020	608	02/01/2020	5,888	443,288	1.33
Delaware	02/15/2020	610	02/08/2020	5,917	443,288	1.33
Delaware	02/22/2020	632	02/15/2020	5,921	443,288	1.34
Delaware	02/29/2020	524	02/22/2020	6,742	443,288	1.52
Delaware	03/07/2020	518	02/29/2020	5,480	443,288	1.24
Delaware	03/14/2020	472	03/07/2020	5,310	443,288	1.20
Delaware	03/21/2020	10,776	03/14/2020	5,297	443,288	1.19
Delaware	03/28/2020	19,137	03/21/2020	11,506	443,288	2.60
Delaware	04/04/2020	18,851	03/28/2020	19,442	443,288	4.39
Delaware	04/11/2020	13,258	04/04/2020	29,577	445,741	6.64
Delaware	04/18/2020	9,446	04/11/2020	38,451	445,741	8.63
Delaware	04/25/2020	7,947	04/18/2020	44,977	445,741	10.09
Delaware	05/02/2020	6,297	04/25/2020	52,501	445,741	11.78
Delaware	05/09/2020	5,197	05/02/2020	50,205	445,741	11.26
Delaware	05/16/2020	5,554	05/09/2020	51,010	445,741	11.44
Delaware	05/23/2020	4,651	05/16/2020	50,780	445,741	11.39
Delaware	05/30/2020	3,052	05/23/2020	55,172	445,741	12.38
Delaware	06/06/2020	3,037	05/30/2020	49,659	445,741	11.14
Delaware	06/13/2020	2,516	06/06/2020	47,115	445,741	10.57
Delaware	06/20/2020	2,797	06/13/2020	45,112	445,741	10.12
Delaware	06/27/2020	2,771	06/20/2020	44,034	445,741	9.88
Delaware	07/04/2020	2,791	06/27/2020	45,598	445,741	10.23
Delaware	07/11/2020	3,167	07/04/2020	42,194	446,976	9.44
District of Columbia	01/04/2020	481	12/28/2019	7,198	576,878	1.25
District of Columbia	01/11/2020	706	01/04/2020	7,102	578,035	1.23
District of Columbia	01/18/2020	594	01/11/2020	7,271	578,035	1.26
District of Columbia	01/25/2020	534	01/18/2020	7,149	578,035	1.24
District of Columbia	02/01/2020	539	01/25/2020	7,139	578,035	1.24
District of Columbia	02/08/2020	508	02/01/2020	7,156	578,035	1.24
District of Columbia	02/15/2020	473	02/08/2020	7,079	578,035	1.22
District of Columbia	02/22/2020	422	02/15/2020	7,003	578,035	1.21
District of Columbia	02/29/2020	452	02/22/2020	7,020	578,035	1.21
District of Columbia	03/07/2020	471	02/29/2020	6,792	578,035	1.18
District of Columbia	03/14/2020	1,213	03/07/2020	6,746	578,035	1.17
District of Columbia	03/21/2020	14,462	03/14/2020	7,378	578,035	1.28
District of Columbia	03/28/2020	15,869	03/21/2020	17,661	578,035	3.06
District of Columbia	04/04/2020	15,329	03/28/2020	31,385	578,035	5.43
District of Columbia	04/11/2020	9,974	04/04/2020	42,224	579,419	7.29
District of Columbia	04/18/2020	8,639	04/11/2020	47,465	579,419	8.19
District of Columbia	04/25/2020	8,708	04/18/2020	52,534	579,419	9.07
District of Columbia	05/02/2020	8,113	04/25/2020	58,634	579,419	10.12
District of Columbia	05/09/2020	5,782	05/02/2020	65,298	579,419	11.27
District of Columbia	05/16/2020	5,196	05/09/2020	68,844	579,419	11.88
District of Columbia	05/23/2020	5,135	05/16/2020	70,103	579,419	12.10
District of Columbia	05/30/2020	3,559	05/23/2020	70,671	579,419	12.20
District of Columbia	06/06/2020	3,385	05/30/2020	72,023	579,419	12.43
District of Columbia	06/13/2020	3,065	06/06/2020	72,934	579,419	12.59
District of Columbia	06/20/2020	3,073	06/13/2020	72,927	579,419	12.59
District of Columbia	06/27/2020	3,132	06/20/2020	72,807	579,419	12.57
District of Columbia	07/04/2020	2,858	06/27/2020	72,802	579,419	12.56
District of Columbia	07/11/2020	3,300	07/04/2020	72,525	580,956	12.48
Florida	01/04/2020	4,618	12/28/2019	36,189	8,608,066	0.42
Florida	01/11/2020	6,862	01/04/2020	35,024	8,604,277	0.41
Florida	01/18/2020	6,088	01/11/2020	34,718	8,604,277	0.40
Florida	01/25/2020	5,206	01/18/2020	33,347	8,604,277	0.39
Florida	02/01/2020	5,457	01/25/2020	35,871	8,604,277	0.42
Florida	02/08/2020	5,605	02/01/2020	33,176	8,604,277	0.39
Florida	02/15/2020	5,229	02/08/2020	34,449	8,604,277	0.40
Florida	02/22/2020	4,861	02/15/2020	33,570	8,604,277	0.39
Florida	02/29/2020	4,853	02/22/2020	33,421	8,604,277	0.39
Florida	03/07/2020	5,325	02/29/2020	32,262	8,604,277	0.37
Florida	03/14/2020	6,463	03/07/2020	32,244	8,604,277	0.37
Florida	03/21/2020	74,313	03/14/2020	33,728	8,604,277	0.39
Florida	03/28/2020	228,484	03/21/2020	35,076	8,604,277	0.41
Florida	04/04/2020	169,885	03/28/2020	98,921	8,604,277	1.15
Florida	04/11/2020	180,419	04/04/2020	339,448	8,590,846	3.95
Florida	04/18/2020	506,670	04/11/2020	177,021	8,590,846	2.06
Florida	04/25/2020	433,103	04/18/2020	540,554	8,590,846	6.29
Florida	05/02/2020	174,860	04/25/2020	444,561	8,590,846	5.17
Florida	05/09/2020	223,082	05/02/2020	1,035,207	8,590,846	12.05
Florida	05/16/2020	225,404	05/09/2020	2,151,108	8,590,846	25.04
Florida	05/23/2020	175,411	05/16/2020	529,384	8,590,846	6.16
Florida	05/30/2020	207,707	05/23/2020	630,640	8,590,846	7.34
Florida	06/06/2020	112,161	05/30/2020	966,625	8,590,846	11.25
Florida	06/13/2020	88,148	06/06/2020	920,202	8,590,846	10.71
Florida	06/20/2020	95,683	06/13/2020	995,792	8,590,846	11.59
Florida	06/27/2020	84,370	06/20/2020	741,344	8,590,846	8.63
Florida	07/04/2020	66,941	06/27/2020	581,952	8,590,846	6.77
Florida	07/11/2020	132,831	07/04/2020	914,801	8,732,627	10.48
Georgia	01/04/2020	17,060	12/28/2019	38,704	4,353,840	0.89
Georgia	01/11/2020	17,962	01/04/2020	47,482	4,373,059	1.09
Georgia	01/18/2020	8,161	01/11/2020	32,079	4,373,059	0.73
Georgia	01/25/2020	5,257	01/18/2020	28,998	4,373,059	0.66
Georgia	02/01/2020	5,199	01/25/2020	28,332	4,373,059	0.65
Georgia	02/08/2020	5,577	02/01/2020	26,984	4,373,059	0.62
Georgia	02/15/2020	6,277	02/08/2020	27,317	4,373,059	0.62
Georgia	02/22/2020	5,030	02/15/2020	26,963	4,373,059	0.62
Georgia	02/29/2020	5,538	02/22/2020	26,958	4,373,059	0.62
Georgia	03/07/2020	4,569	02/29/2020	25,079	4,373,059	0.57
Georgia	03/14/2020	5,445	03/07/2020	25,352	4,373,059	0.58
Georgia	03/21/2020	12,140	03/14/2020	27,507	4,373,059	0.63
Georgia	03/28/2020	133,820	03/21/2020	107,877	4,373,059	2.47
Georgia	04/04/2020	390,132	03/28/2020	360,077	4,373,059	8.23
Georgia	04/11/2020	319,581	04/04/2020	595,418	4,388,404	13.57
Georgia	04/18/2020	247,003	04/11/2020	611,889	4,388,404	13.94
Georgia	04/25/2020	266,565	04/18/2020	758,856	4,388,404	17.29
Georgia	05/02/2020	228,352	04/25/2020	885,764	4,388,404	20.18
Georgia	05/09/2020	242,772	05/02/2020	812,913	4,388,404	18.52
Georgia	05/16/2020	177,731	05/09/2020	790,178	4,388,404	18.01
Georgia	05/23/2020	165,499	05/16/2020	731,762	4,388,404	16.67
Georgia	05/30/2020	149,163	05/23/2020	754,833	4,388,404	17.20
Georgia	06/06/2020	135,254	05/30/2020	698,154	4,388,404	15.91
Georgia	06/13/2020	131,997	06/06/2020	682,501	4,388,404	15.55
Georgia	06/20/2020	125,725	06/13/2020	669,735	4,388,404	15.26
Georgia	06/27/2020	117,485	06/20/2020	661,233	4,388,404	15.07
Georgia	07/04/2020	105,160	06/27/2020	619,947	4,388,404	14.13
Georgia	07/11/2020	138,452	07/04/2020	792,717	4,406,223	17.99
Hawaii	01/04/2020	1,825	12/28/2019	6,813	623,074	1.09
Hawaii	01/11/2020	1,826	01/04/2020	7,849	621,949	1.26
Hawaii	01/18/2020	1,234	01/11/2020	6,623	621,949	1.06
Hawaii	01/25/2020	1,014	01/18/2020	6,407	621,949	1.03
Hawaii	02/01/2020	1,135	01/25/2020	6,070	621,949	0.98
Hawaii	02/08/2020	1,137	02/01/2020	6,205	621,949	1.00
Hawaii	02/15/2020	1,199	02/08/2020	6,121	621,949	0.98
Hawaii	02/22/2020	1,020	02/15/2020	6,223	621,949	1.00
Hawaii	02/29/2020	1,049	02/22/2020	5,951	621,949	0.96
Hawaii	03/07/2020	1,275	02/29/2020	6,047	621,949	0.97
Hawaii	03/14/2020	1,589	03/07/2020	6,204	621,949	1.00
Hawaii	03/21/2020	8,817	03/14/2020	6,477	621,949	1.04
Hawaii	03/28/2020	48,596	03/21/2020	10,997	621,949	1.77
Hawaii	04/04/2020	53,102	03/28/2020	32,226	621,949	5.18
Hawaii	04/11/2020	34,717	04/04/2020	48,305	621,474	7.77
Hawaii	04/18/2020	26,591	04/11/2020	72,261	621,474	11.63
Hawaii	04/25/2020	22,496	04/18/2020	68,637	621,474	11.04
Hawaii	05/02/2020	15,177	04/25/2020	88,110	621,474	14.18
Hawaii	05/09/2020	12,329	05/02/2020	110,922	621,474	17.85
Hawaii	05/16/2020	10,964	05/09/2020	145,711	621,474	23.45
Hawaii	05/23/2020	9,140	05/16/2020	128,086	621,474	20.61
Hawaii	05/30/2020	7,702	05/23/2020	124,939	621,474	20.10
Hawaii	06/06/2020	7,338	05/30/2020	125,568	621,474	20.20
Hawaii	06/13/2020	7,248	06/06/2020	114,119	621,474	18.36
Hawaii	06/20/2020	7,178	06/13/2020	132,466	621,474	21.31
Hawaii	06/27/2020	8,193	06/20/2020	128,990	621,474	20.76
Hawaii	07/04/2020	7,648	06/27/2020	123,629	621,474	19.89
Hawaii	07/11/2020	7,668	07/04/2020	128,638	620,739	20.72
Idaho	01/04/2020	2,957	12/28/2019	8,854	722,812	1.22
Idaho	01/11/2020	2,131	01/04/2020	11,483	727,996	1.58
Idaho	01/18/2020	2,172	01/11/2020	11,931	727,996	1.64
Idaho	01/25/2020	1,821	01/18/2020	11,833	727,996	1.63
Idaho	02/01/2020	1,446	01/25/2020	11,337	727,996	1.56
Idaho	02/08/2020	1,443	02/01/2020	11,389	727,996	1.56
Idaho	02/15/2020	1,356	02/08/2020	11,334	727,996	1.56
Idaho	02/22/2020	1,114	02/15/2020	11,275	727,996	1.55
Idaho	02/29/2020	998	02/22/2020	10,587	727,996	1.45
Idaho	03/07/2020	938	02/29/2020	10,167	727,996	1.40
Idaho	03/14/2020	1,031	03/07/2020	9,336	727,996	1.28
Idaho	03/21/2020	13,586	03/14/2020	7,869	727,996	1.08
Idaho	03/28/2020	32,941	03/21/2020	15,523	727,996	2.13
Idaho	04/04/2020	30,904	03/28/2020	35,915	727,996	4.93
Idaho	04/11/2020	18,531	04/04/2020	59,139	733,499	8.06
Idaho	04/18/2020	13,023	04/11/2020	67,722	733,499	9.23
Idaho	04/25/2020	8,827	04/18/2020	71,416	733,499	9.74
Idaho	05/02/2020	7,495	04/25/2020	71,794	733,499	9.79
Idaho	05/09/2020	5,795	05/02/2020	65,478	733,499	8.93
Idaho	05/16/2020	5,800	05/09/2020	60,121	733,499	8.20
Idaho	05/23/2020	4,727	05/16/2020	56,692	733,499	7.73
Idaho	05/30/2020	3,646	05/23/2020	51,035	733,499	6.96
Idaho	06/06/2020	3,953	05/30/2020	47,779	733,499	6.51
Idaho	06/13/2020	3,631	06/06/2020	36,764	733,499	5.01
Idaho	06/20/2020	4,285	06/13/2020	33,060	733,499	4.51
Idaho	06/27/2020	5,417	06/20/2020	30,886	733,499	4.21
Idaho	07/04/2020	4,924	06/27/2020	29,090	733,499	3.97
Idaho	07/11/2020	5,458	07/04/2020	28,766	744,799	3.86
Illinois	01/04/2020	11,779	12/28/2019	125,348	5,902,475	2.12
Illinois	01/11/2020	12,703	01/04/2020	136,523	5,910,898	2.31
Illinois	01/18/2020	14,807	01/11/2020	133,967	5,910,898	2.27
Illinois	01/25/2020	9,762	01/18/2020	131,469	5,910,898	2.22
Illinois	02/01/2020	9,343	01/25/2020	143,239	5,910,898	2.42
Illinois	02/08/2020	9,794	02/01/2020	130,900	5,910,898	2.21
Illinois	02/15/2020	8,045	02/08/2020	133,765	5,910,898	2.26
Illinois	02/22/2020	11,812	02/15/2020	131,171	5,910,898	2.22
Illinois	02/29/2020	8,980	02/22/2020	132,123	5,910,898	2.24
Illinois	03/07/2020	8,727	02/29/2020	136,396	5,910,898	2.31
Illinois	03/14/2020	11,305	03/07/2020	130,293	5,910,898	2.20
Illinois	03/21/2020	126,716	03/14/2020	125,422	5,910,898	2.12
Illinois	03/28/2020	185,575	03/21/2020	132,058	5,910,898	2.23
Illinois	04/04/2020	202,157	03/28/2020	263,018	5,910,898	4.45
Illinois	04/11/2020	140,787	04/04/2020	452,826	5,914,575	7.66
Illinois	04/18/2020	118,996	04/11/2020	569,200	5,914,575	9.62
Illinois	04/25/2020	101,322	04/18/2020	681,002	5,914,575	11.51
Illinois	05/02/2020	74,476	04/25/2020	695,971	5,914,575	11.77
Illinois	05/09/2020	72,671	05/02/2020	755,912	5,914,575	12.78
Illinois	05/16/2020	72,780	05/09/2020	733,542	5,914,575	12.40
Illinois	05/23/2020	58,263	05/16/2020	762,367	5,914,575	12.89
Illinois	05/30/2020	46,385	05/23/2020	719,779	5,914,575	12.17
Illinois	06/06/2020	44,606	05/30/2020	741,738	5,914,575	12.54
Illinois	06/13/2020	44,694	06/06/2020	710,279	5,914,575	12.01
Illinois	06/20/2020	46,276	06/13/2020	705,839	5,914,575	11.93
Illinois	06/27/2020	45,752	06/20/2020	676,722	5,914,575	11.44
Illinois	07/04/2020	39,015	06/27/2020	667,460	5,914,575	11.29
Illinois	07/11/2020	38,261	07/04/2020	664,763	5,917,347	11.23
Indiana	01/04/2020	4,434	12/28/2019	20,062	3,034,091	0.66
Indiana	01/11/2020	4,890	01/04/2020	21,524	3,039,304	0.71
Indiana	01/18/2020	3,741	01/11/2020	21,626	3,039,304	0.71
Indiana	01/25/2020	2,956	01/18/2020	21,366	3,039,304	0.70
Indiana	02/01/2020	3,016	01/25/2020	22,017	3,039,304	0.72
Indiana	02/08/2020	2,725	02/01/2020	22,212	3,039,304	0.73
Indiana	02/15/2020	2,556	02/08/2020	22,352	3,039,304	0.74
Indiana	02/22/2020	2,979	02/15/2020	22,913	3,039,304	0.75
Indiana	02/29/2020	2,276	02/22/2020	22,994	3,039,304	0.76
Indiana	03/07/2020	2,223	02/29/2020	22,586	3,039,304	0.74
Indiana	03/14/2020	2,596	03/07/2020	21,473	3,039,304	0.71
Indiana	03/21/2020	59,755	03/14/2020	20,778	3,039,304	0.68
Indiana	03/28/2020	139,174	03/21/2020	28,987	3,039,304	0.95
Indiana	04/04/2020	127,010	03/28/2020	71,737	3,039,304	2.36
Indiana	04/11/2020	113,755	04/04/2020	147,583	3,041,986	4.85
Indiana	04/18/2020	72,756	04/11/2020	206,386	3,041,986	6.78
Indiana	04/25/2020	55,774	04/18/2020	253,929	3,041,986	8.35
Indiana	05/02/2020	42,290	04/25/2020	271,248	3,041,986	8.92
Indiana	05/09/2020	29,668	05/02/2020	285,460	3,041,986	9.38
Indiana	05/16/2020	29,436	05/09/2020	270,385	3,041,986	8.89
Indiana	05/23/2020	25,523	05/16/2020	253,536	3,041,986	8.33
Indiana	05/30/2020	22,914	05/23/2020	233,869	3,041,986	7.69
Indiana	06/06/2020	22,931	05/30/2020	221,056	3,041,986	7.27
Indiana	06/13/2020	24,017	06/06/2020	211,255	3,041,986	6.94
Indiana	06/20/2020	29,331	06/13/2020	201,242	3,041,986	6.62
Indiana	06/27/2020	44,827	06/20/2020	191,288	3,041,986	6.29
Indiana	07/04/2020	22,102	06/27/2020	183,968	3,041,986	6.05
Indiana	07/11/2020	28,360	07/04/2020	190,169	3,046,268	6.24
Iowa	01/04/2020	4,586	12/28/2019	34,549	1,529,213	2.26
Iowa	01/11/2020	4,836	01/04/2020	34,540	1,530,920	2.26
Iowa	01/18/2020	3,615	01/11/2020	29,625	1,530,920	1.94
Iowa	01/25/2020	3,115	01/18/2020	30,369	1,530,920	1.98
Iowa	02/01/2020	3,066	01/25/2020	30,890	1,530,920	2.02
Iowa	02/08/2020	2,379	02/01/2020	30,789	1,530,920	2.01
Iowa	02/15/2020	2,239	02/08/2020	30,799	1,530,920	2.01
Iowa	02/22/2020	2,631	02/15/2020	30,741	1,530,920	2.01
Iowa	02/29/2020	2,240	02/22/2020	30,516	1,530,920	1.99
Iowa	03/07/2020	2,221	02/29/2020	29,424	1,530,920	1.92
Iowa	03/14/2020	2,229	03/07/2020	27,816	1,530,920	1.82
Iowa	03/21/2020	40,952	03/14/2020	26,496	1,530,920	1.73
Iowa	03/28/2020	55,966	03/21/2020	53,650	1,530,920	3.50
Iowa	04/04/2020	64,194	03/28/2020	91,631	1,530,920	5.99
Iowa	04/11/2020	43,889	04/04/2020	127,332	1,531,621	8.31
Iowa	04/18/2020	26,901	04/11/2020	150,445	1,531,621	9.82
Iowa	04/25/2020	27,220	04/18/2020	168,971	1,531,621	11.03
Iowa	05/02/2020	23,241	04/25/2020	179,610	1,531,621	11.73
Iowa	05/09/2020	15,820	05/02/2020	189,643	1,531,621	12.38
Iowa	05/16/2020	12,056	05/09/2020	184,641	1,531,621	12.06
Iowa	05/23/2020	13,723	05/16/2020	178,559	1,531,621	11.66
Iowa	05/30/2020	6,449	05/23/2020	162,562	1,531,621	10.61
Iowa	06/06/2020	9,488	05/30/2020	158,268	1,531,621	10.33
Iowa	06/13/2020	9,069	06/06/2020	152,739	1,531,621	9.97
Iowa	06/20/2020	8,208	06/13/2020	152,781	1,531,621	9.98
Iowa	06/27/2020	7,732	06/20/2020	141,748	1,531,621	9.25
Iowa	07/04/2020	9,957	06/27/2020	134,215	1,531,621	8.76
Iowa	07/11/2020	10,653	07/04/2020	134,284	1,532,562	8.76
Kansas	01/04/2020	2,019	12/28/2019	11,175	1,359,781	0.82
Kansas	01/11/2020	2,140	01/04/2020	11,431	1,363,114	0.84
Kansas	01/18/2020	2,402	01/11/2020	10,638	1,363,114	0.78
Kansas	01/25/2020	2,557	01/18/2020	11,182	1,363,114	0.82
Kansas	02/01/2020	2,000	01/25/2020	12,301	1,363,114	0.90
Kansas	02/08/2020	2,107	02/01/2020	11,809	1,363,114	0.87
Kansas	02/15/2020	2,076	02/08/2020	11,666	1,363,114	0.86
Kansas	02/22/2020	1,494	02/15/2020	12,003	1,363,114	0.88
Kansas	02/29/2020	1,517	02/22/2020	11,505	1,363,114	0.84
Kansas	03/07/2020	1,365	02/29/2020	11,003	1,363,115	0.81
Kansas	03/14/2020	1,755	03/07/2020	9,771	1,363,114	0.72
Kansas	03/21/2020	23,563	03/14/2020	9,973	1,363,114	0.73
Kansas	03/28/2020	54,330	03/21/2020	17,558	1,363,114	1.29
Kansas	04/04/2020	49,306	03/28/2020	51,425	1,363,114	3.77
Kansas	04/11/2020	29,873	04/04/2020	78,334	1,364,944	5.74
Kansas	04/18/2020	30,596	04/11/2020	97,478	1,364,944	7.14
Kansas	04/25/2020	24,483	04/18/2020	119,022	1,364,944	8.72
Kansas	05/02/2020	15,959	04/25/2020	120,701	1,364,944	8.84
Kansas	05/09/2020	12,234	05/02/2020	117,977	1,364,944	8.64
Kansas	05/16/2020	11,238	05/09/2020	108,565	1,364,944	7.95
Kansas	05/23/2020	11,232	05/16/2020	104,553	1,364,944	7.66
Kansas	05/30/2020	10,028	05/23/2020	99,948	1,364,944	7.32
Kansas	06/06/2020	8,261	05/30/2020	91,070	1,364,944	6.67
Kansas	06/13/2020	8,287	06/06/2020	83,881	1,364,944	6.15
Kansas	06/20/2020	9,179	06/13/2020	81,173	1,364,944	5.95
Kansas	06/27/2020	9,738	06/20/2020	79,455	1,364,944	5.82
Kansas	07/04/2020	11,458	06/27/2020	82,694	1,364,944	6.06
Kansas	07/11/2020	13,368	07/04/2020	81,561	1,367,656	5.96
Kentucky	01/04/2020	5,175	12/28/2019	22,515	1,890,475	1.19
Kentucky	01/11/2020	3,968	01/04/2020	25,124	1,890,475	1.33
Kentucky	01/18/2020	3,084	01/11/2020	24,066	1,890,475	1.27
Kentucky	01/25/2020	2,569	01/18/2020	22,874	1,890,475	1.21
Kentucky	02/01/2020	2,625	01/25/2020	23,219	1,890,475	1.23
Kentucky	02/08/2020	2,936	02/01/2020	22,937	1,890,475	1.21
Kentucky	02/15/2020	2,813	02/08/2020	23,076	1,890,475	1.22
Kentucky	02/22/2020	2,508	02/15/2020	22,623	1,890,475	1.20
Kentucky	02/29/2020	2,223	02/22/2020	23,733	1,890,475	1.26
Kentucky	03/07/2020	2,463	02/29/2020	22,770	1,890,475	1.20
Kentucky	03/14/2020	2,785	03/07/2020	22,940	1,890,475	1.21
Kentucky	03/21/2020	49,023	03/14/2020	22,328	1,890,475	1.18
Kentucky	03/28/2020	113,149	03/21/2020	24,361	1,890,475	1.29
Kentucky	04/04/2020	117,575	03/28/2020	130,151	1,890,475	6.88
Kentucky	04/11/2020	116,277	04/04/2020	182,097	1,893,451	9.62
Kentucky	04/18/2020	103,981	04/11/2020	199,030	1,893,451	10.51
Kentucky	04/25/2020	91,223	04/18/2020	260,792	1,893,451	13.77
Kentucky	05/02/2020	82,435	04/25/2020	256,317	1,893,451	13.54
Kentucky	05/09/2020	69,372	05/02/2020	253,250	1,893,451	13.38
Kentucky	05/16/2020	47,321	05/09/2020	246,865	1,893,451	13.04
Kentucky	05/23/2020	53,738	05/16/2020	244,342	1,893,451	12.90
Kentucky	05/30/2020	43,013	05/23/2020	206,005	1,893,451	10.88
Kentucky	06/06/2020	40,733	05/30/2020	197,702	1,893,451	10.44
Kentucky	06/13/2020	37,650	06/06/2020	181,169	1,893,451	9.57
Kentucky	06/20/2020	24,846	06/13/2020	172,145	1,893,451	9.09
Kentucky	06/27/2020	30,640	06/20/2020	159,565	1,893,451	8.43
Kentucky	07/04/2020	23,282	06/27/2020	150,748	1,893,451	7.96
Kentucky	07/11/2020	24,544	07/04/2020	158,659	1,896,673	8.37
Louisiana	01/04/2020	1,658	12/28/2019	16,553	1,890,973	0.88
Louisiana	01/11/2020	2,521	01/04/2020	15,957	1,892,522	0.84
Louisiana	01/18/2020	2,008	01/11/2020	16,076	1,892,522	0.85
Louisiana	01/25/2020	1,878	01/18/2020	15,500	1,892,522	0.82
Louisiana	02/01/2020	2,058	01/25/2020	16,189	1,892,522	0.86
Louisiana	02/08/2020	1,805	02/01/2020	15,051	1,892,522	0.80
Louisiana	02/15/2020	1,739	02/08/2020	15,057	1,892,522	0.80
Louisiana	02/22/2020	1,798	02/15/2020	14,640	1,892,522	0.77
Louisiana	02/29/2020	1,509	02/22/2020	15,289	1,892,522	0.81
Louisiana	03/07/2020	1,698	02/29/2020	14,199	1,892,522	0.75
Louisiana	03/14/2020	2,255	03/07/2020	13,987	1,892,522	0.74
Louisiana	03/21/2020	72,438	03/14/2020	14,143	1,892,522	0.75
Louisiana	03/28/2020	97,400	03/21/2020	58,027	1,892,522	3.07
Louisiana	04/04/2020	100,621	03/28/2020	116,690	1,892,522	6.17
Louisiana	04/11/2020	79,653	04/04/2020	217,532	1,891,334	11.50
Louisiana	04/18/2020	91,923	04/11/2020	246,296	1,891,334	13.02
Louisiana	04/25/2020	66,141	04/18/2020	300,657	1,891,334	15.90
Louisiana	05/02/2020	50,941	04/25/2020	310,013	1,891,334	16.39
Louisiana	05/09/2020	40,125	05/02/2020	325,136	1,891,334	17.19
Louisiana	05/16/2020	28,545	05/09/2020	326,504	1,891,334	17.26
Louisiana	05/23/2020	23,961	05/16/2020	328,409	1,891,334	17.36
Louisiana	05/30/2020	19,334	05/23/2020	301,598	1,891,334	15.95
Louisiana	06/06/2020	21,879	05/30/2020	305,083	1,891,334	16.13
Louisiana	06/13/2020	23,122	06/06/2020	306,358	1,891,334	16.20
Louisiana	06/20/2020	19,524	06/13/2020	300,389	1,891,334	15.88
Louisiana	06/27/2020	21,976	06/20/2020	306,089	1,891,334	16.18
Louisiana	07/04/2020	31,417	06/27/2020	313,157	1,891,334	16.56
Louisiana	07/11/2020	26,351	07/04/2020	312,893	1,889,866	16.56
Maine	01/04/2020	1,663	12/28/2019	7,828	601,875	1.30
Maine	01/11/2020	1,561	01/04/2020	7,832	602,736	1.30
Maine	01/18/2020	959	01/11/2020	8,661	602,736	1.44
Maine	01/25/2020	944	01/18/2020	8,457	602,736	1.40
Maine	02/01/2020	881	01/25/2020	8,916	602,736	1.48
Maine	02/08/2020	702	02/01/2020	8,809	602,736	1.46
Maine	02/15/2020	790	02/08/2020	8,896	602,736	1.48
Maine	02/22/2020	737	02/15/2020	8,624	602,736	1.43
Maine	02/29/2020	862	02/22/2020	9,007	602,736	1.49
Maine	03/07/2020	715	02/29/2020	8,739	602,736	1.45
Maine	03/14/2020	634	03/07/2020	8,451	602,736	1.40
Maine	03/21/2020	21,459	03/14/2020	8,703	602,736	1.44
Maine	03/28/2020	23,770	03/21/2020	21,967	602,736	3.64
Maine	04/04/2020	30,910	03/28/2020	41,339	602,736	6.86
Maine	04/11/2020	13,488	04/04/2020	55,723	603,932	9.23
Maine	04/18/2020	11,769	04/11/2020	66,525	603,932	11.02
Maine	04/25/2020	7,661	04/18/2020	73,141	603,932	12.11
Maine	05/02/2020	6,993	04/25/2020	76,773	603,932	12.71
Maine	05/09/2020	5,579	05/02/2020	87,280	603,932	14.45
Maine	05/16/2020	4,726	05/09/2020	92,207	603,932	15.27
Maine	05/23/2020	16,667	05/16/2020	138,219	603,932	22.89
Maine	05/30/2020	11,151	05/23/2020	162,256	603,932	26.87
Maine	06/06/2020	3,117	05/30/2020	78,247	603,932	12.96
Maine	06/13/2020	3,013	06/06/2020	66,966	603,932	11.09
Maine	06/20/2020	2,911	06/13/2020	64,717	603,932	10.72
Maine	06/27/2020	3,119	06/20/2020	62,989	603,932	10.43
Maine	07/04/2020	2,939	06/27/2020	63,635	603,932	10.54
Maine	07/11/2020	4,696	07/04/2020	60,623	607,641	9.98
Maryland	01/04/2020	3,997	12/28/2019	30,571	2,547,265	1.20
Maryland	01/11/2020	4,627	01/04/2020	31,292	2,549,408	1.23
Maryland	01/18/2020	3,739	01/11/2020	29,203	2,549,408	1.15
Maryland	01/25/2020	3,283	01/18/2020	29,231	2,549,408	1.15
Maryland	02/01/2020	3,203	01/25/2020	29,788	2,549,408	1.17
Maryland	02/08/2020	3,150	02/01/2020	29,342	2,549,408	1.15
Maryland	02/15/2020	3,048	02/08/2020	29,219	2,549,408	1.15
Maryland	02/22/2020	2,700	02/15/2020	29,095	2,549,408	1.14
Maryland	02/29/2020	2,626	02/22/2020	28,412	2,549,408	1.11
Maryland	03/07/2020	2,675	02/29/2020	28,061	2,549,408	1.10
Maryland	03/14/2020	3,864	03/07/2020	27,039	2,549,408	1.06
Maryland	03/21/2020	42,982	03/14/2020	26,460	2,549,408	1.04
Maryland	03/28/2020	85,377	03/21/2020	47,954	2,549,408	1.88
Maryland	04/04/2020	109,653	03/28/2020	92,090	2,549,408	3.61
Maryland	04/11/2020	63,235	04/04/2020	160,897	2,555,073	6.30
Maryland	04/18/2020	48,570	04/11/2020	201,435	2,555,073	7.88
Maryland	04/25/2020	37,995	04/18/2020	224,315	2,555,073	8.78
Maryland	05/02/2020	63,305	04/25/2020	227,043	2,555,073	8.89
Maryland	05/09/2020	45,664	05/02/2020	254,713	2,555,073	9.97
Maryland	05/16/2020	35,346	05/09/2020	253,518	2,555,073	9.92
Maryland	05/23/2020	34,048	05/16/2020	255,313	2,555,073	9.99
Maryland	05/30/2020	31,920	05/23/2020	246,542	2,555,073	9.65
Maryland	06/06/2020	41,638	05/30/2020	246,535	2,555,073	9.65
Maryland	06/13/2020	23,450	06/06/2020	250,269	2,555,073	9.79
Maryland	06/20/2020	32,549	06/13/2020	243,711	2,555,073	9.54
Maryland	06/27/2020	22,623	06/20/2020	233,086	2,555,073	9.12
Maryland	07/04/2020	33,191	06/27/2020	246,437	2,555,073	9.65
Maryland	07/11/2020	19,516	07/04/2020	234,264	2,551,522	9.18
Massachusetts	01/04/2020	9,464	12/28/2019	76,528	3,546,144	2.16
Massachusetts	01/11/2020	8,784	01/04/2020	79,521	3,557,761	2.24
Massachusetts	01/18/2020	6,940	01/11/2020	75,076	3,557,761	2.11
Massachusetts	01/25/2020	6,022	01/18/2020	75,529	3,557,761	2.12
Massachusetts	02/01/2020	5,523	01/25/2020	76,927	3,557,761	2.16
Massachusetts	02/08/2020	5,878	02/01/2020	76,492	3,557,761	2.15
Massachusetts	02/15/2020	5,393	02/08/2020	76,912	3,557,761	2.16
Massachusetts	02/22/2020	9,264	02/15/2020	77,091	3,557,761	2.17
Massachusetts	02/29/2020	4,865	02/22/2020	83,220	3,557,761	2.34
Massachusetts	03/07/2020	4,712	02/29/2020	75,552	3,557,761	2.12
Massachusetts	03/14/2020	7,449	03/07/2020	74,336	3,557,761	2.09
Massachusetts	03/21/2020	148,452	03/14/2020	83,127	3,557,761	2.34
Massachusetts	03/28/2020	181,423	03/21/2020	183,105	3,557,761	5.15
Massachusetts	04/04/2020	139,647	03/28/2020	310,211	3,557,761	8.72
Massachusetts	04/11/2020	103,813	04/04/2020	361,600	3,568,892	10.13
Massachusetts	04/18/2020	80,969	04/11/2020	467,552	3,568,892	13.10
Massachusetts	04/25/2020	71,358	04/18/2020	532,508	3,568,892	14.92
Massachusetts	05/02/2020	55,884	04/25/2020	569,956	3,568,892	15.97
Massachusetts	05/09/2020	44,915	05/02/2020	575,569	3,568,892	16.13
Massachusetts	05/16/2020	38,684	05/09/2020	589,545	3,568,892	16.52
Massachusetts	05/23/2020	38,332	05/16/2020	594,515	3,568,892	16.66
Massachusetts	05/30/2020	27,630	05/23/2020	599,751	3,568,892	16.80
Massachusetts	06/06/2020	45,142	05/30/2020	574,019	3,568,892	16.08
Massachusetts	06/13/2020	30,411	06/06/2020	577,991	3,568,892	16.20
Massachusetts	06/20/2020	30,005	06/13/2020	566,165	3,568,892	15.86
Massachusetts	06/27/2020	29,699	06/20/2020	557,288	3,568,892	15.62
Massachusetts	07/04/2020	27,051	06/27/2020	557,705	3,568,892	15.63
Massachusetts	07/11/2020	24,131	07/04/2020	537,302	3,578,753	15.01
Michigan	01/04/2020	13,207	12/28/2019	72,103	4,298,761	1.68
Michigan	01/11/2020	14,245	01/04/2020	89,760	4,302,198	2.09
Michigan	01/18/2020	10,304	01/11/2020	84,136	4,302,198	1.96
Michigan	01/25/2020	7,678	01/18/2020	91,306	4,302,198	2.12
Michigan	02/01/2020	6,869	01/25/2020	82,775	4,302,198	1.92
Michigan	02/08/2020	6,627	02/01/2020	79,833	4,302,198	1.86
Michigan	02/15/2020	5,587	02/08/2020	79,149	4,302,198	1.84
Michigan	02/22/2020	5,942	02/15/2020	78,029	4,302,198	1.81
Michigan	02/29/2020	5,419	02/22/2020	78,570	4,302,198	1.83
Michigan	03/07/2020	5,150	02/29/2020	77,661	4,302,198	1.81
Michigan	03/14/2020	5,338	03/07/2020	75,757	4,302,198	1.76
Michigan	03/21/2020	128,006	03/14/2020	75,075	4,302,198	1.75
Michigan	03/28/2020	304,335	03/21/2020	88,183	4,302,198	2.05
Michigan	04/04/2020	388,554	03/28/2020	366,426	4,302,198	8.52
Michigan	04/11/2020	222,207	04/04/2020	749,011	4,305,711	17.40
Michigan	04/18/2020	136,707	04/11/2020	937,520	4,305,711	21.77
Michigan	04/25/2020	82,004	04/18/2020	934,599	4,305,711	21.71
Michigan	05/02/2020	67,399	04/25/2020	996,374	4,305,711	23.14
Michigan	05/09/2020	55,166	05/02/2020	973,278	4,305,711	22.60
Michigan	05/16/2020	56,715	05/09/2020	994,188	4,305,711	23.09
Michigan	05/23/2020	64,574	05/16/2020	985,294	4,305,711	22.88
Michigan	05/30/2020	39,290	05/23/2020	933,181	4,305,711	21.67
Michigan	06/06/2020	27,836	05/30/2020	756,276	4,305,711	17.56
Michigan	06/13/2020	21,293	06/06/2020	726,922	4,305,711	16.88
Michigan	06/20/2020	19,641	06/13/2020	584,424	4,305,711	13.57
Michigan	06/27/2020	38,309	06/20/2020	633,953	4,305,711	14.72
Michigan	07/04/2020	34,602	06/27/2020	529,147	4,305,711	12.29
Michigan	07/11/2020	27,720	07/04/2020	604,846	4,305,848	14.05
Minnesota	01/04/2020	7,293	12/28/2019	68,226	2,853,412	2.39
Minnesota	01/11/2020	5,933	01/04/2020	66,377	2,859,937	2.32
Minnesota	01/18/2020	4,463	01/11/2020	62,628	2,859,937	2.19
Minnesota	01/25/2020	3,931	01/18/2020	61,704	2,859,937	2.16
Minnesota	02/01/2020	3,700	01/25/2020	62,189	2,859,937	2.17
Minnesota	02/08/2020	4,108	02/01/2020	64,105	2,859,937	2.24
Minnesota	02/15/2020	3,641	02/08/2020	63,956	2,859,937	2.24
Minnesota	02/22/2020	3,539	02/15/2020	62,200	2,859,937	2.17
Minnesota	02/29/2020	3,410	02/22/2020	61,696	2,859,937	2.16
Minnesota	03/07/2020	3,488	02/29/2020	62,767	2,859,937	2.19
Minnesota	03/14/2020	4,010	03/07/2020	61,781	2,859,937	2.16
Minnesota	03/21/2020	115,773	03/14/2020	66,787	2,859,937	2.34
Minnesota	03/28/2020	109,095	03/21/2020	160,873	2,859,937	5.63
Minnesota	04/04/2020	110,260	03/28/2020	248,023	2,859,937	8.67
Minnesota	04/11/2020	93,133	04/04/2020	341,578	2,864,234	11.93
Minnesota	04/18/2020	74,829	04/11/2020	391,284	2,864,234	13.66
Minnesota	04/25/2020	48,595	04/18/2020	416,993	2,864,234	14.56
Minnesota	05/02/2020	41,492	04/25/2020	420,212	2,864,234	14.67
Minnesota	05/09/2020	37,669	05/02/2020	429,187	2,864,234	14.98
Minnesota	05/16/2020	28,893	05/09/2020	427,690	2,864,234	14.93
Minnesota	05/23/2020	27,211	05/16/2020	416,668	2,864,234	14.55
Minnesota	05/30/2020	21,654	05/23/2020	397,899	2,864,234	13.89
Minnesota	06/06/2020	28,311	05/30/2020	398,799	2,864,234	13.92
Minnesota	06/13/2020	24,696	06/06/2020	371,930	2,864,234	12.99
Minnesota	06/20/2020	20,487	06/13/2020	351,772	2,864,234	12.28
Minnesota	06/27/2020	19,373	06/20/2020	337,382	2,864,234	11.78
Minnesota	07/04/2020	19,362	06/27/2020	326,245	2,864,234	11.39
Minnesota	07/11/2020	21,637	07/04/2020	332,040	2,868,184	11.58
Mississippi	01/04/2020	1,178	12/28/2019	9,681	1,107,596	0.87
Mississippi	01/11/2020	1,515	01/04/2020	9,536	1,108,618	0.86
Mississippi	01/18/2020	1,135	01/11/2020	8,804	1,108,618	0.79
Mississippi	01/25/2020	993	01/18/2020	8,562	1,108,618	0.77
Mississippi	02/01/2020	963	01/25/2020	8,674	1,108,618	0.78
Mississippi	02/08/2020	968	02/01/2020	8,261	1,108,618	0.75
Mississippi	02/15/2020	861	02/08/2020	8,216	1,108,618	0.74
Mississippi	02/22/2020	827	02/15/2020	7,922	1,108,618	0.71
Mississippi	02/29/2020	744	02/22/2020	7,842	1,108,618	0.71
Mississippi	03/07/2020	879	02/29/2020	7,416	1,108,618	0.67
Mississippi	03/14/2020	1,147	03/07/2020	7,098	1,108,618	0.64
Mississippi	03/21/2020	5,519	03/14/2020	6,667	1,108,618	0.60
Mississippi	03/28/2020	32,015	03/21/2020	9,581	1,108,618	0.86
Mississippi	04/04/2020	45,852	03/28/2020	29,373	1,108,618	2.65
Mississippi	04/11/2020	45,748	04/04/2020	60,737	1,109,819	5.47
Mississippi	04/18/2020	36,913	04/11/2020	93,005	1,109,819	8.38
Mississippi	04/25/2020	29,906	04/18/2020	135,722	1,109,819	12.23
Mississippi	05/02/2020	25,745	04/25/2020	162,078	1,109,819	14.60
Mississippi	05/09/2020	23,618	05/02/2020	208,270	1,109,819	18.77
Mississippi	05/16/2020	24,242	05/09/2020	189,886	1,109,819	17.11
Mississippi	05/23/2020	23,856	05/16/2020	184,150	1,109,819	16.59
Mississippi	05/30/2020	24,014	05/23/2020	174,808	1,109,819	15.75
Mississippi	06/06/2020	21,283	05/30/2020	148,902	1,109,819	13.42
Mississippi	06/13/2020	18,407	06/06/2020	123,192	1,109,819	11.10
Mississippi	06/20/2020	15,230	06/13/2020	97,069	1,109,819	8.75
Mississippi	06/27/2020	13,673	06/20/2020	147,624	1,109,819	13.30
Mississippi	07/04/2020	11,266	06/27/2020	137,330	1,109,819	12.37
Mississippi	07/11/2020	12,223	07/04/2020	100,191	1,110,126	9.03
Missouri	01/04/2020	7,474	12/28/2019	29,785	2,745,404	1.08
Missouri	01/11/2020	10,913	01/04/2020	30,140	2,749,100	1.10
Missouri	01/18/2020	4,938	01/11/2020	29,945	2,749,100	1.09
Missouri	01/25/2020	5,474	01/18/2020	29,170	2,749,100	1.06
Missouri	02/01/2020	4,801	01/25/2020	29,854	2,749,100	1.09
Missouri	02/08/2020	3,670	02/01/2020	27,906	2,749,100	1.02
Missouri	02/15/2020	3,363	02/08/2020	27,362	2,749,100	1.00
Missouri	02/22/2020	3,063	02/15/2020	27,035	2,749,100	0.98
Missouri	02/29/2020	2,732	02/22/2020	26,949	2,749,100	0.98
Missouri	03/07/2020	2,994	02/29/2020	25,225	2,749,100	0.92
Missouri	03/14/2020	4,016	03/07/2020	22,381	2,749,100	0.81
Missouri	03/21/2020	42,246	03/14/2020	21,538	2,749,100	0.78
Missouri	03/28/2020	104,291	03/21/2020	49,470	2,749,100	1.80
Missouri	04/04/2020	91,458	03/28/2020	121,467	2,749,100	4.42
Missouri	04/11/2020	102,126	04/04/2020	178,710	2,794,254	6.40
Missouri	04/18/2020	59,602	04/11/2020	227,557	2,794,254	8.14
Missouri	04/25/2020	55,299	04/18/2020	255,798	2,794,254	9.15
Missouri	05/02/2020	52,527	04/25/2020	246,663	2,794,254	8.83
Missouri	05/09/2020	31,145	05/02/2020	266,230	2,794,254	9.53
Missouri	05/16/2020	28,244	05/09/2020	261,840	2,794,254	9.37
Missouri	05/23/2020	27,436	05/16/2020	255,374	2,794,254	9.14
Missouri	05/30/2020	20,650	05/23/2020	242,173	2,794,254	8.67
Missouri	06/06/2020	19,907	05/30/2020	236,531	2,794,254	8.46
Missouri	06/13/2020	18,912	06/06/2020	218,596	2,794,254	7.82
Missouri	06/20/2020	17,358	06/13/2020	210,195	2,794,254	7.52
Missouri	06/27/2020	20,008	06/20/2020	204,121	2,794,254	7.31
Missouri	07/04/2020	17,685	06/27/2020	205,120	2,794,254	7.34
Missouri	07/11/2020	16,883	07/04/2020	197,311	2,744,087	7.19
Montana	01/04/2020	1,555	12/28/2019	11,056	453,040	2.44
Montana	01/11/2020	1,755	01/04/2020	11,756	454,298	2.59
Montana	01/18/2020	1,236	01/11/2020	11,254	454,298	2.48
Montana	01/25/2020	922	01/18/2020	11,830	454,298	2.60
Montana	02/01/2020	902	01/25/2020	11,527	454,298	2.54
Montana	02/08/2020	935	02/01/2020	11,489	454,298	2.53
Montana	02/15/2020	921	02/08/2020	11,479	454,298	2.53
Montana	02/22/2020	795	02/15/2020	11,308	454,298	2.49
Montana	02/29/2020	695	02/22/2020	11,296	454,298	2.49
Montana	03/07/2020	714	02/29/2020	10,782	454,298	2.37
Montana	03/14/2020	817	03/07/2020	10,112	454,298	2.23
Montana	03/21/2020	15,349	03/14/2020	9,818	454,298	2.16
Montana	03/28/2020	20,763	03/21/2020	19,099	454,298	4.20
Montana	04/04/2020	21,244	03/28/2020	36,819	454,298	8.10
Montana	04/11/2020	14,275	04/04/2020	53,482	455,906	11.73
Montana	04/18/2020	11,176	04/11/2020	65,073	455,906	14.27
Montana	04/25/2020	7,052	04/18/2020	67,473	455,906	14.80
Montana	05/02/2020	4,596	04/25/2020	63,134	455,906	13.85
Montana	05/09/2020	3,762	05/02/2020	58,905	455,906	12.92
Montana	05/16/2020	3,660	05/09/2020	53,786	455,906	11.80
Montana	05/23/2020	3,821	05/16/2020	49,917	455,906	10.95
Montana	05/30/2020	3,054	05/23/2020	48,506	455,906	10.64
Montana	06/06/2020	3,078	05/30/2020	46,305	455,906	10.16
Montana	06/13/2020	3,157	06/06/2020	44,298	455,906	9.72
Montana	06/20/2020	2,997	06/13/2020	42,681	455,906	9.36
Montana	06/27/2020	2,695	06/20/2020	41,027	455,906	9.00
Montana	07/04/2020	2,788	06/27/2020	39,032	455,906	8.56
Montana	07/11/2020	2,990	07/04/2020	39,084	457,148	8.55
North Carolina	01/04/2020	3,508	12/28/2019	20,848	4,362,309	0.48
North Carolina	01/11/2020	4,628	01/04/2020	21,239	4,381,417	0.48
North Carolina	01/18/2020	4,217	01/11/2020	22,247	4,381,417	0.51
North Carolina	01/25/2020	3,344	01/18/2020	22,415	4,381,417	0.51
North Carolina	02/01/2020	3,611	01/25/2020	22,342	4,381,417	0.51
North Carolina	02/08/2020	3,326	02/01/2020	22,044	4,381,417	0.50
North Carolina	02/15/2020	3,094	02/08/2020	21,972	4,381,417	0.50
North Carolina	02/22/2020	2,852	02/15/2020	21,630	4,381,417	0.49
North Carolina	02/29/2020	1,767	02/22/2020	21,188	4,381,417	0.48
North Carolina	03/07/2020	2,575	02/29/2020	20,196	4,381,417	0.46
North Carolina	03/14/2020	3,533	03/07/2020	19,683	4,381,417	0.45
North Carolina	03/21/2020	94,083	03/14/2020	20,652	4,381,417	0.47
North Carolina	03/28/2020	172,145	03/21/2020	75,220	4,381,417	1.72
North Carolina	04/04/2020	137,422	03/28/2020	245,692	4,381,417	5.61
North Carolina	04/11/2020	140,155	04/04/2020	362,989	4,402,750	8.24
North Carolina	04/18/2020	106,266	04/11/2020	468,283	4,402,750	10.64
North Carolina	04/25/2020	98,941	04/18/2020	555,039	4,402,750	12.61
North Carolina	05/02/2020	85,956	04/25/2020	591,045	4,402,750	13.42
North Carolina	05/09/2020	57,354	05/02/2020	619,809	4,402,750	14.08
North Carolina	05/16/2020	46,913	05/09/2020	605,709	4,402,750	13.76
North Carolina	05/23/2020	44,202	05/16/2020	564,068	4,402,750	12.81
North Carolina	05/30/2020	37,047	05/23/2020	547,988	4,402,750	12.45
North Carolina	06/06/2020	33,865	05/30/2020	537,652	4,402,750	12.21
North Carolina	06/13/2020	32,188	06/06/2020	524,787	4,402,750	11.92
North Carolina	06/20/2020	29,199	06/13/2020	529,343	4,402,750	12.02
North Carolina	06/27/2020	29,580	06/20/2020	463,568	4,402,750	10.53
North Carolina	07/04/2020	27,937	06/27/2020	412,353	4,402,750	9.37
North Carolina	07/11/2020	28,108	07/04/2020	365,770	4,423,164	8.27
North Dakota	01/04/2020	836	12/28/2019	5,785	409,901	1.41
North Dakota	01/11/2020	1,530	01/04/2020	6,171	411,624	1.50
North Dakota	01/18/2020	785	01/11/2020	6,809	411,624	1.65
North Dakota	01/25/2020	543	01/18/2020	7,179	411,624	1.74
North Dakota	02/01/2020	447	01/25/2020	6,782	411,624	1.65
North Dakota	02/08/2020	526	02/01/2020	6,838	411,624	1.66
North Dakota	02/15/2020	457	02/08/2020	6,924	411,624	1.68
North Dakota	02/22/2020	435	02/15/2020	6,886	411,624	1.67
North Dakota	02/29/2020	363	02/22/2020	6,795	411,624	1.65
North Dakota	03/07/2020	423	02/29/2020	6,543	411,624	1.59
North Dakota	03/14/2020	415	03/07/2020	6,349	411,624	1.54
North Dakota	03/21/2020	5,662	03/14/2020	6,169	411,624	1.50
North Dakota	03/28/2020	11,818	03/21/2020	8,534	411,624	2.07
North Dakota	04/04/2020	15,125	03/28/2020	16,036	411,624	3.90
North Dakota	04/11/2020	9,502	04/04/2020	24,554	412,797	5.95
North Dakota	04/18/2020	8,065	04/11/2020	33,563	412,797	8.13
North Dakota	04/25/2020	6,274	04/18/2020	35,513	412,797	8.60
North Dakota	05/02/2020	4,044	04/25/2020	35,827	412,797	8.68
North Dakota	05/09/2020	2,753	05/02/2020	35,921	412,797	8.70
North Dakota	05/16/2020	2,619	05/09/2020	32,399	412,797	7.85
North Dakota	05/23/2020	2,978	05/16/2020	31,100	412,797	7.53
North Dakota	05/30/2020	2,315	05/23/2020	30,806	412,797	7.46
North Dakota	06/06/2020	2,252	05/30/2020	29,855	412,797	7.23
North Dakota	06/13/2020	2,073	06/06/2020	29,103	412,797	7.05
North Dakota	06/20/2020	1,821	06/13/2020	28,736	412,797	6.96
North Dakota	06/27/2020	1,511	06/20/2020	28,446	412,797	6.89
North Dakota	07/04/2020	1,720	06/27/2020	27,021	412,797	6.55
North Dakota	07/11/2020	1,532	07/04/2020	27,625	413,529	6.68
Nebraska	01/04/2020	1,099	12/28/2019	5,165	963,465	0.54
Nebraska	01/11/2020	1,171	01/04/2020	5,694	962,725	0.59
Nebraska	01/18/2020	988	01/11/2020	4,940	962,725	0.51
Nebraska	01/25/2020	960	01/18/2020	5,107	962,725	0.53
Nebraska	02/01/2020	833	01/25/2020	5,884	962,725	0.61
Nebraska	02/08/2020	675	02/01/2020	5,693	962,725	0.59
Nebraska	02/15/2020	537	02/08/2020	5,804	962,725	0.60
Nebraska	02/22/2020	493	02/15/2020	5,780	962,725	0.60
Nebraska	02/29/2020	502	02/22/2020	6,286	962,725	0.65
Nebraska	03/07/2020	501	02/29/2020	5,581	962,725	0.58
Nebraska	03/14/2020	795	03/07/2020	5,076	962,725	0.53
Nebraska	03/21/2020	15,700	03/14/2020	4,859	962,725	0.50
Nebraska	03/28/2020	24,725	03/21/2020	16,641	962,725	1.73
Nebraska	04/04/2020	27,054	03/28/2020	38,921	962,725	4.04
Nebraska	04/11/2020	16,279	04/04/2020	60,416	965,476	6.26
Nebraska	04/18/2020	12,222	04/11/2020	72,078	965,476	7.47
Nebraska	04/25/2020	8,229	04/18/2020	76,628	965,476	7.94
Nebraska	05/02/2020	6,418	04/25/2020	68,882	965,476	7.13
Nebraska	05/09/2020	6,362	05/02/2020	68,089	965,476	7.05
Nebraska	05/16/2020	5,839	05/09/2020	62,962	963,512	6.53
Nebraska	05/23/2020	5,812	05/16/2020	61,604	963,512	6.39
Nebraska	05/30/2020	5,083	05/23/2020	62,465	963,512	6.48
Nebraska	06/06/2020	4,697	05/30/2020	60,479	963,512	6.28
Nebraska	06/13/2020	4,868	06/06/2020	57,402	963,512	5.96
Nebraska	06/20/2020	4,406	06/13/2020	57,246	963,512	5.94
Nebraska	06/27/2020	4,203	06/20/2020	56,831	963,512	5.90
Nebraska	07/04/2020	5,803	06/27/2020	58,199	963,512	6.04
Nebraska	07/11/2020	7,911	07/04/2020	56,954	964,840	5.90
New Hampshire	01/04/2020	690	12/28/2019	4,468	652,934	0.68
New Hampshire	01/11/2020	722	01/04/2020	4,575	654,468	0.70
New Hampshire	01/18/2020	613	01/11/2020	4,215	654,468	0.64
New Hampshire	01/25/2020	577	01/18/2020	4,202	654,468	0.64
New Hampshire	02/01/2020	456	01/25/2020	4,033	654,468	0.62
New Hampshire	02/08/2020	507	02/01/2020	4,050	654,468	0.62
New Hampshire	02/15/2020	424	02/08/2020	4,015	654,468	0.61
New Hampshire	02/22/2020	444	02/15/2020	3,936	654,468	0.60
New Hampshire	02/29/2020	894	02/22/2020	4,048	654,468	0.62
New Hampshire	03/07/2020	495	02/29/2020	4,475	654,468	0.68
New Hampshire	03/14/2020	642	03/07/2020	3,909	654,468	0.60
New Hampshire	03/21/2020	29,379	03/14/2020	4,024	654,468	0.61
New Hampshire	03/28/2020	31,378	03/21/2020	27,321	654,468	4.17
New Hampshire	04/04/2020	39,202	03/28/2020	52,166	654,468	7.97
New Hampshire	04/11/2020	25,273	04/04/2020	79,979	649,845	12.31
New Hampshire	04/18/2020	20,414	04/11/2020	93,783	649,845	14.43
New Hampshire	04/25/2020	15,001	04/18/2020	106,841	649,845	16.44
New Hampshire	05/02/2020	12,475	04/25/2020	115,580	649,845	17.79
New Hampshire	05/09/2020	10,016	05/02/2020	116,768	649,845	17.97
New Hampshire	05/16/2020	8,794	05/09/2020	114,450	649,845	17.61
New Hampshire	05/23/2020	7,266	05/16/2020	109,184	649,845	16.80
New Hampshire	05/30/2020	6,127	05/23/2020	100,769	649,845	15.51
New Hampshire	06/06/2020	6,303	05/30/2020	102,189	649,845	15.73
New Hampshire	06/13/2020	6,431	06/06/2020	98,440	649,845	15.15
New Hampshire	06/20/2020	5,413	06/13/2020	92,776	649,845	14.28
New Hampshire	06/27/2020	5,163	06/20/2020	86,586	649,845	13.32
New Hampshire	07/04/2020	5,776	06/27/2020	74,476	649,845	11.46
New Hampshire	07/11/2020	2,930	07/04/2020	72,523	657,391	11.03
New Jersey	01/04/2020	15,325	12/28/2019	111,335	4,007,202	2.78
New Jersey	01/11/2020	13,469	01/04/2020	120,461	4,015,146	3.00
New Jersey	01/18/2020	10,728	01/11/2020	108,425	4,015,146	2.70
New Jersey	01/25/2020	9,325	01/18/2020	107,082	4,015,146	2.67
New Jersey	02/01/2020	8,304	01/25/2020	110,022	4,015,146	2.74
New Jersey	02/08/2020	9,288	02/01/2020	109,931	4,015,146	2.74
New Jersey	02/15/2020	8,550	02/08/2020	110,016	4,015,146	2.74
New Jersey	02/22/2020	8,396	02/15/2020	109,265	4,015,146	2.72
New Jersey	02/29/2020	7,773	02/22/2020	110,902	4,015,146	2.76
New Jersey	03/07/2020	7,996	02/29/2020	107,646	4,015,146	2.68
New Jersey	03/14/2020	9,467	03/07/2020	104,283	4,015,146	2.60
New Jersey	03/21/2020	115,815	03/14/2020	105,840	4,015,146	2.64
New Jersey	03/28/2020	206,253	03/21/2020	156,181	4,015,146	3.89
New Jersey	04/04/2020	214,836	03/28/2020	276,119	4,015,146	6.88
New Jersey	04/11/2020	141,420	04/04/2020	429,388	4,025,826	10.67
New Jersey	04/18/2020	140,139	04/11/2020	556,005	4,025,826	13.81
New Jersey	04/25/2020	71,966	04/18/2020	621,753	4,025,826	15.44
New Jersey	05/02/2020	88,326	04/25/2020	642,651	4,025,826	15.96
New Jersey	05/09/2020	69,689	05/02/2020	715,433	4,025,826	17.77
New Jersey	05/16/2020	42,365	05/09/2020	601,770	4,025,826	14.95
New Jersey	05/23/2020	34,410	05/16/2020	586,532	4,025,826	14.57
New Jersey	05/30/2020	26,752	05/23/2020	547,913	4,025,826	13.61
New Jersey	06/06/2020	23,166	05/30/2020	559,057	4,025,826	13.89
New Jersey	06/13/2020	26,438	06/06/2020	538,269	4,025,826	13.37
New Jersey	06/20/2020	33,027	06/13/2020	528,173	4,025,826	13.12
New Jersey	06/27/2020	27,992	06/20/2020	519,167	4,025,826	12.90
New Jersey	07/04/2020	47,402	06/27/2020	491,778	4,025,826	12.22
New Jersey	07/11/2020	38,825	07/04/2020	491,296	4,034,480	12.18
New Mexico	01/04/2020	799	12/28/2019	10,140	796,105	1.27
New Mexico	01/11/2020	1,194	01/04/2020	10,310	799,085	1.29
New Mexico	01/18/2020	947	01/11/2020	9,920	799,085	1.24
New Mexico	01/25/2020	764	01/18/2020	10,137	799,085	1.27
New Mexico	02/01/2020	784	01/25/2020	10,066	799,085	1.26
New Mexico	02/08/2020	873	02/01/2020	9,965	799,085	1.25
New Mexico	02/15/2020	725	02/08/2020	9,987	799,085	1.25
New Mexico	02/22/2020	737	02/15/2020	10,051	799,085	1.26
New Mexico	02/29/2020	681	02/22/2020	10,039	799,085	1.26
New Mexico	03/07/2020	690	02/29/2020	9,845	799,085	1.23
New Mexico	03/14/2020	869	03/07/2020	9,566	799,085	1.20
New Mexico	03/21/2020	18,105	03/14/2020	9,288	799,085	1.16
New Mexico	03/28/2020	27,849	03/21/2020	20,087	799,085	2.51
New Mexico	04/04/2020	26,132	03/28/2020	44,829	799,085	5.61
New Mexico	04/11/2020	19,043	04/04/2020	62,686	802,978	7.81
New Mexico	04/18/2020	13,621	04/11/2020	80,986	802,978	10.09
New Mexico	04/25/2020	12,093	04/18/2020	94,149	802,978	11.72
New Mexico	05/02/2020	13,675	04/25/2020	96,157	802,978	11.98
New Mexico	05/09/2020	8,024	05/02/2020	101,132	802,978	12.59
New Mexico	05/16/2020	7,356	05/09/2020	103,949	802,978	12.95
New Mexico	05/23/2020	7,058	05/16/2020	108,714	802,978	13.54
New Mexico	05/30/2020	6,672	05/23/2020	105,755	802,978	13.17
New Mexico	06/06/2020	5,290	05/30/2020	104,019	802,978	12.95
New Mexico	06/13/2020	5,111	06/06/2020	102,087	802,978	12.71
New Mexico	06/20/2020	4,945	06/13/2020	100,348	802,978	12.50
New Mexico	06/27/2020	5,083	06/20/2020	95,903	802,978	11.94
New Mexico	07/04/2020	5,666	06/27/2020	96,390	802,978	12.00
New Mexico	07/11/2020	6,381	07/04/2020	92,108	806,473	11.42
Nevada	01/04/2020	2,264	12/28/2019	20,801	1,362,256	1.53
Nevada	01/11/2020	2,792	01/04/2020	19,823	1,371,969	1.44
Nevada	01/18/2020	2,451	01/11/2020	19,328	1,371,969	1.41
Nevada	01/25/2020	2,101	01/18/2020	19,025	1,371,969	1.39
Nevada	02/01/2020	2,286	01/25/2020	19,177	1,371,969	1.40
Nevada	02/08/2020	2,794	02/01/2020	19,225	1,371,969	1.40
Nevada	02/15/2020	2,543	02/08/2020	19,585	1,371,969	1.43
Nevada	02/22/2020	2,052	02/15/2020	19,472	1,371,969	1.42
Nevada	02/29/2020	2,324	02/22/2020	20,044	1,371,969	1.46
Nevada	03/07/2020	2,309	02/29/2020	19,850	1,371,969	1.45
Nevada	03/14/2020	6,356	03/07/2020	19,475	1,371,969	1.42
Nevada	03/21/2020	92,298	03/14/2020	19,822	1,371,969	1.44
Nevada	03/28/2020	71,942	03/21/2020	58,798	1,371,969	4.29
Nevada	04/04/2020	79,285	03/28/2020	131,121	1,371,969	9.56
Nevada	04/11/2020	58,641	04/04/2020	189,007	1,379,654	13.70
Nevada	04/18/2020	39,496	04/11/2020	231,618	1,379,654	16.79
Nevada	04/25/2020	42,541	04/18/2020	274,850	1,379,654	19.92
Nevada	05/02/2020	28,550	04/25/2020	303,573	1,379,654	22.00
Nevada	05/09/2020	21,635	05/02/2020	324,444	1,379,654	23.52
Nevada	05/16/2020	17,837	05/09/2020	369,041	1,379,654	26.75
Nevada	05/23/2020	15,607	05/16/2020	343,030	1,379,654	24.86
Nevada	05/30/2020	11,337	05/23/2020	335,043	1,379,654	24.28
Nevada	06/06/2020	10,748	05/30/2020	334,182	1,379,654	24.22
Nevada	06/13/2020	10,620	06/06/2020	312,009	1,379,654	22.62
Nevada	06/20/2020	10,347	06/13/2020	294,649	1,379,654	21.36
Nevada	06/27/2020	11,110	06/20/2020	286,943	1,379,654	20.80
Nevada	07/04/2020	12,484	06/27/2020	287,968	1,379,654	20.87
Nevada	07/11/2020	14,666	07/04/2020	295,994	1,388,109	21.32
New York	01/04/2020	44,846	12/28/2019	181,668	9,351,620	1.94
New York	01/11/2020	23,314	01/04/2020	184,283	9,380,736	1.96
New York	01/18/2020	17,823	01/11/2020	164,588	9,380,736	1.75
New York	01/25/2020	15,022	01/18/2020	164,044	9,380,736	1.75
New York	02/01/2020	16,545	01/25/2020	165,715	9,380,736	1.77
New York	02/08/2020	15,010	02/01/2020	163,393	9,380,736	1.74
New York	02/15/2020	14,333	02/08/2020	164,111	9,380,736	1.75
New York	02/22/2020	14,144	02/15/2020	163,220	9,380,736	1.74
New York	02/29/2020	31,208	02/22/2020	182,691	9,380,736	1.95
New York	03/07/2020	14,035	02/29/2020	161,892	9,380,736	1.73
New York	03/14/2020	14,272	03/07/2020	158,268	9,380,736	1.69
New York	03/21/2020	79,999	03/14/2020	167,214	9,380,736	1.78
New York	03/28/2020	366,595	03/21/2020	314,710	9,380,736	3.35
New York	04/04/2020	344,451	03/28/2020	712,544	9,380,736	7.60
New York	04/11/2020	394,701	04/04/2020	1,121,191	9,408,510	11.92
New York	04/18/2020	205,184	04/11/2020	1,354,496	9,408,510	14.40
New York	04/25/2020	219,413	04/18/2020	1,616,809	9,408,510	17.18
New York	05/02/2020	195,110	04/25/2020	1,749,571	9,408,510	18.60
New York	05/09/2020	199,419	05/02/2020	1,846,154	9,408,510	19.62
New York	05/16/2020	223,962	05/09/2020	1,873,935	9,408,510	19.92
New York	05/23/2020	189,087	05/16/2020	1,811,012	9,408,510	19.25
New York	05/30/2020	81,926	05/23/2020	1,756,703	9,408,510	18.67
New York	06/06/2020	93,799	05/30/2020	1,694,809	9,408,510	18.01
New York	06/13/2020	95,150	06/06/2020	1,677,037	9,408,510	17.82
New York	06/20/2020	89,031	06/13/2020	1,649,863	9,408,510	17.54
New York	06/27/2020	89,834	06/20/2020	1,611,991	9,408,510	17.13
New York	07/04/2020	93,740	06/27/2020	1,598,667	9,408,510	16.99
New York	07/11/2020	91,546	07/04/2020	1,520,832	9,429,172	16.13
Ohio	01/04/2020	10,759	12/28/2019	73,287	5,327,431	1.38
Ohio	01/11/2020	9,957	01/04/2020	78,391	5,338,723	1.47
Ohio	01/18/2020	7,865	01/11/2020	72,855	5,338,723	1.36
Ohio	01/25/2020	8,086	01/18/2020	72,002	5,338,723	1.35
Ohio	02/01/2020	7,329	01/25/2020	72,622	5,338,723	1.36
Ohio	02/08/2020	6,825	02/01/2020	71,442	5,338,723	1.34
Ohio	02/15/2020	6,532	02/08/2020	71,214	5,338,723	1.33
Ohio	02/22/2020	6,208	02/15/2020	70,924	5,338,723	1.33
Ohio	02/29/2020	9,916	02/22/2020	70,655	5,338,723	1.32
Ohio	03/07/2020	6,545	02/29/2020	73,123	5,338,723	1.37
Ohio	03/14/2020	7,046	03/07/2020	68,516	5,338,723	1.28
Ohio	03/21/2020	196,309	03/14/2020	68,323	5,338,723	1.28
Ohio	03/28/2020	274,288	03/21/2020	214,273	5,338,723	4.01
Ohio	04/04/2020	226,191	03/28/2020	450,061	5,338,723	8.43
Ohio	04/11/2020	159,317	04/04/2020	622,669	5,346,565	11.65
Ohio	04/18/2020	109,830	04/11/2020	717,842	5,346,565	13.43
Ohio	04/25/2020	93,599	04/18/2020	777,214	5,346,565	14.54
Ohio	05/02/2020	61,487	04/25/2020	759,435	5,346,565	14.20
Ohio	05/09/2020	52,255	05/02/2020	745,886	5,346,565	13.95
Ohio	05/16/2020	46,862	05/09/2020	704,784	5,346,565	13.18
Ohio	05/23/2020	42,585	05/16/2020	636,869	5,346,565	11.91
Ohio	05/30/2020	35,078	05/23/2020	566,546	5,346,565	10.60
Ohio	06/06/2020	36,154	05/30/2020	533,347	5,346,565	9.98
Ohio	06/13/2020	33,139	06/06/2020	492,958	5,346,565	9.22
Ohio	06/20/2020	34,926	06/13/2020	466,363	5,346,565	8.72
Ohio	06/27/2020	35,908	06/20/2020	448,112	5,346,565	8.38
Ohio	07/04/2020	33,830	06/27/2020	433,867	5,346,565	8.11
Ohio	07/11/2020	35,755	07/04/2020	434,257	5,346,565	8.12
Oklahoma	01/04/2020	2,943	12/28/2019	18,080	1,560,077	1.16
Oklahoma	01/11/2020	2,034	01/04/2020	19,387	1,565,634	1.24
Oklahoma	01/18/2020	1,981	01/11/2020	17,467	1,565,634	1.12
Oklahoma	01/25/2020	1,830	01/18/2020	17,291	1,565,634	1.10
Oklahoma	02/01/2020	1,779	01/25/2020	17,451	1,565,634	1.11
Oklahoma	02/08/2020	1,715	02/01/2020	17,757	1,565,634	1.13
Oklahoma	02/15/2020	1,633	02/08/2020	17,513	1,565,634	1.12
Oklahoma	02/22/2020	1,509	02/15/2020	17,269	1,565,634	1.10
Oklahoma	02/29/2020	1,458	02/22/2020	16,929	1,565,634	1.08
Oklahoma	03/07/2020	1,569	02/29/2020	17,067	1,565,634	1.09
Oklahoma	03/14/2020	1,836	03/07/2020	16,482	1,565,634	1.05
Oklahoma	03/21/2020	21,926	03/14/2020	16,854	1,565,634	1.08
Oklahoma	03/28/2020	47,744	03/21/2020	25,268	1,565,634	1.61
Oklahoma	04/04/2020	60,534	03/28/2020	55,029	1,565,634	3.51
Oklahoma	04/11/2020	54,481	04/04/2020	88,330	1,568,967	5.63
Oklahoma	04/18/2020	46,696	04/11/2020	112,311	1,568,967	7.16
Oklahoma	04/25/2020	52,500	04/18/2020	134,550	1,568,967	8.58
Oklahoma	05/02/2020	93,885	04/25/2020	154,671	1,568,967	9.86
Oklahoma	05/09/2020	39,079	05/02/2020	178,122	1,568,967	11.35
Oklahoma	05/16/2020	33,440	05/09/2020	135,229	1,568,967	8.62
Oklahoma	05/23/2020	43,714	05/16/2020	139,196	1,568,967	8.87
Oklahoma	05/30/2020	60,376	05/23/2020	172,309	1,568,967	10.98
Oklahoma	06/06/2020	77,525	05/30/2020	156,795	1,568,967	9.99
Oklahoma	06/13/2020	84,779	06/06/2020	173,361	1,568,967	11.05
Oklahoma	06/20/2020	58,613	06/13/2020	182,191	1,568,967	11.61
Oklahoma	06/27/2020	18,405	06/20/2020	165,298	1,568,967	10.54
Oklahoma	07/04/2020	9,423	06/27/2020	131,034	1,568,967	8.35
Oklahoma	07/11/2020	9,680	07/04/2020	131,932	1,570,740	8.40
Oregon	01/04/2020	6,714	12/28/2019	35,451	1,898,680	1.87
Oregon	01/11/2020	6,215	01/04/2020	36,039	1,906,429	1.89
Oregon	01/18/2020	4,051	01/11/2020	31,604	1,906,429	1.66
Oregon	01/25/2020	4,457	01/18/2020	32,306	1,906,429	1.69
Oregon	02/01/2020	4,853	01/25/2020	31,876	1,906,429	1.67
Oregon	02/08/2020	4,953	02/01/2020	31,658	1,906,429	1.66
Oregon	02/15/2020	4,284	02/08/2020	31,167	1,906,429	1.63
Oregon	02/22/2020	3,514	02/15/2020	30,548	1,906,429	1.60
Oregon	02/29/2020	3,936	02/22/2020	30,165	1,906,429	1.58
Oregon	03/07/2020	4,154	02/29/2020	29,517	1,906,429	1.55
Oregon	03/14/2020	4,269	03/07/2020	29,002	1,906,429	1.52
Oregon	03/21/2020	30,054	03/14/2020	30,523	1,906,429	1.60
Oregon	03/28/2020	47,498	03/21/2020	63,930	1,906,429	3.35
Oregon	04/04/2020	62,788	03/28/2020	118,729	1,906,429	6.23
Oregon	04/11/2020	54,581	04/04/2020	176,154	1,914,153	9.20
Oregon	04/18/2020	37,209	04/11/2020	217,039	1,914,153	11.34
Oregon	04/25/2020	49,300	04/18/2020	284,486	1,914,153	14.86
Oregon	05/02/2020	48,120	04/25/2020	308,989	1,914,153	16.14
Oregon	05/09/2020	33,936	05/02/2020	309,543	1,914,153	16.17
Oregon	05/16/2020	23,539	05/09/2020	290,151	1,914,153	15.16
Oregon	05/23/2020	28,452	05/16/2020	293,081	1,914,153	15.31
Oregon	05/30/2020	20,565	05/23/2020	256,759	1,914,153	13.41
Oregon	06/06/2020	24,508	05/30/2020	275,768	1,914,153	14.41
Oregon	06/13/2020	24,645	06/06/2020	251,869	1,914,153	13.16
Oregon	06/20/2020	16,274	06/13/2020	224,476	1,914,153	11.73
Oregon	06/27/2020	11,195	06/20/2020	216,513	1,914,153	11.31
Oregon	07/04/2020	10,343	06/27/2020	203,600	1,914,153	10.64
Oregon	07/11/2020	11,713	07/04/2020	206,756	1,921,964	10.76
Pennsylvania	01/04/2020	27,298	12/28/2019	135,411	5,787,653	2.34
Pennsylvania	01/11/2020	26,356	01/04/2020	163,882	5,800,562	2.83
Pennsylvania	01/18/2020	16,218	01/11/2020	142,326	5,800,562	2.45
Pennsylvania	01/25/2020	13,359	01/18/2020	140,027	5,800,562	2.41
Pennsylvania	02/01/2020	15,893	01/25/2020	135,951	5,800,562	2.34
Pennsylvania	02/08/2020	14,425	02/01/2020	142,004	5,800,562	2.45
Pennsylvania	02/15/2020	13,583	02/08/2020	136,149	5,800,562	2.35
Pennsylvania	02/22/2020	12,631	02/15/2020	142,306	5,800,562	2.45
Pennsylvania	02/29/2020	12,045	02/22/2020	135,095	5,800,562	2.33
Pennsylvania	03/07/2020	12,227	02/29/2020	136,931	5,800,562	2.36
Pennsylvania	03/14/2020	15,439	03/07/2020	128,842	5,800,562	2.22
Pennsylvania	03/21/2020	363,000	03/14/2020	128,029	5,800,562	2.21
Pennsylvania	03/28/2020	374,056	03/21/2020	135,708	5,800,562	2.34
Pennsylvania	04/04/2020	239,077	03/28/2020	566,464	5,800,562	9.77
Pennsylvania	04/11/2020	234,868	04/04/2020	614,196	5,814,461	10.56
Pennsylvania	04/18/2020	124,633	04/11/2020	1,074,660	5,814,461	18.48
Pennsylvania	04/25/2020	82,414	04/18/2020	915,249	5,814,461	15.74
Pennsylvania	05/02/2020	94,445	04/25/2020	1,233,299	5,814,461	21.21
Pennsylvania	05/09/2020	73,688	05/02/2020	1,049,464	5,814,461	18.05
Pennsylvania	05/16/2020	41,673	05/09/2020	1,008,886	5,814,461	17.35
Pennsylvania	05/23/2020	55,374	05/16/2020	907,252	5,814,461	15.60
Pennsylvania	05/30/2020	42,266	05/23/2020	1,019,571	5,814,461	17.54
Pennsylvania	06/06/2020	45,049	05/30/2020	846,788	5,814,461	14.56
Pennsylvania	06/13/2020	44,341	06/06/2020	913,810	5,814,461	15.72
Pennsylvania	06/20/2020	42,577	06/13/2020	748,874	5,814,461	12.88
Pennsylvania	06/27/2020	45,261	06/20/2020	809,609	5,814,461	13.92
Pennsylvania	07/04/2020	44,086	06/27/2020	651,160	5,814,461	11.20
Pennsylvania	07/11/2020	44,798	07/04/2020	815,282	5,827,122	13.99
Puerto Rico	01/04/2020	853	12/28/2019	17,194	848,044	2.03
Puerto Rico	01/11/2020	836	01/04/2020	15,746	852,292	1.85
Puerto Rico	01/18/2020	3,124	01/11/2020	22,291	852,292	2.62
Puerto Rico	01/25/2020	2,335	01/18/2020	22,725	852,292	2.67
Puerto Rico	02/01/2020	1,998	01/25/2020	23,857	852,292	2.80
Puerto Rico	02/08/2020	1,770	02/01/2020	23,157	852,292	2.72
Puerto Rico	02/15/2020	1,588	02/08/2020	21,114	852,292	2.48
Puerto Rico	02/22/2020	1,390	02/15/2020	20,765	852,292	2.44
Puerto Rico	02/29/2020	1,296	02/22/2020	19,480	852,292	2.29
Puerto Rico	03/07/2020	1,343	02/29/2020	18,657	852,292	2.19
Puerto Rico	03/14/2020	1,172	03/07/2020	18,704	852,292	2.19
Puerto Rico	03/21/2020	20,148	03/14/2020	15,239	852,292	1.79
Puerto Rico	03/28/2020	45,394	03/21/2020	19,230	852,292	2.26
Puerto Rico	04/04/2020	66,555	03/28/2020	49,669	852,292	5.83
Puerto Rico	04/11/2020	42,074	04/04/2020	86,474	856,124	10.10
Puerto Rico	04/18/2020	26,481	04/11/2020	109,672	856,124	12.81
Puerto Rico	04/25/2020	17,286	04/18/2020	153,421	856,124	17.92
Puerto Rico	05/02/2020	21,886	04/25/2020	145,140	856,124	16.95
Puerto Rico	05/09/2020	15,067	05/02/2020	164,034	856,124	19.16
Puerto Rico	05/16/2020	10,923	05/09/2020	152,823	856,124	17.85
Puerto Rico	05/23/2020	13,521	05/16/2020	194,272	856,124	22.69
Puerto Rico	05/30/2020	7,236	05/23/2020	162,538	856,124	18.99
Puerto Rico	06/06/2020	8,820	05/30/2020	180,722	856,124	21.11
Puerto Rico	06/13/2020	8,097	06/06/2020	175,974	856,124	20.55
Puerto Rico	06/20/2020	9,160	06/13/2020	196,503	856,124	22.95
Puerto Rico	06/27/2020	10,228	06/20/2020	217,712	856,124	25.43
Puerto Rico	07/04/2020	11,257	06/27/2020	229,039	856,124	26.75
Puerto Rico	07/11/2020	7,945	07/04/2020	223,340	859,886	25.97
Rhode Island	01/04/2020	1,972	12/28/2019	12,109	471,911	2.57
Rhode Island	01/11/2020	1,817	01/04/2020	12,299	472,874	2.60
Rhode Island	01/18/2020	1,194	01/11/2020	10,987	472,874	2.32
Rhode Island	01/25/2020	1,048	01/18/2020	10,750	472,874	2.27
Rhode Island	02/01/2020	971	01/25/2020	11,042	472,874	2.34
Rhode Island	02/08/2020	959	02/01/2020	11,051	472,874	2.34
Rhode Island	02/15/2020	996	02/08/2020	11,164	472,874	2.36
Rhode Island	02/22/2020	1,921	02/15/2020	11,199	472,874	2.37
Rhode Island	02/29/2020	874	02/22/2020	12,384	472,874	2.62
Rhode Island	03/07/2020	700	02/29/2020	11,130	472,874	2.35
Rhode Island	03/14/2020	1,108	03/07/2020	10,692	472,874	2.26
Rhode Island	03/21/2020	35,847	03/14/2020	10,857	472,874	2.30
Rhode Island	03/28/2020	27,800	03/21/2020	31,847	472,874	6.73
Rhode Island	04/04/2020	28,243	03/28/2020	56,038	472,874	11.85
Rhode Island	04/11/2020	22,509	04/04/2020	70,935	473,597	14.98
Rhode Island	04/18/2020	18,078	04/11/2020	79,140	473,597	16.71
Rhode Island	04/25/2020	13,084	04/18/2020	96,663	473,597	20.41
Rhode Island	05/02/2020	9,088	04/25/2020	97,573	473,597	20.60
Rhode Island	05/09/2020	6,245	05/02/2020	94,083	473,597	19.87
Rhode Island	05/16/2020	3,883	05/09/2020	89,247	473,597	18.84
Rhode Island	05/23/2020	2,937	05/16/2020	87,966	473,597	18.57
Rhode Island	05/30/2020	2,748	05/23/2020	78,496	473,597	16.57
Rhode Island	06/06/2020	3,518	05/30/2020	76,946	473,597	16.25
Rhode Island	06/13/2020	2,641	06/06/2020	73,083	473,597	15.43
Rhode Island	06/20/2020	4,014	06/13/2020	69,236	473,597	14.62
Rhode Island	06/27/2020	3,229	06/20/2020	67,100	473,597	14.17
Rhode Island	07/04/2020	3,436	06/27/2020	66,304	473,597	14.00
Rhode Island	07/11/2020	3,133	07/04/2020	65,377	474,428	13.78
South Carolina	01/04/2020	7,471	12/28/2019	18,922	2,070,232	0.91
South Carolina	01/11/2020	4,629	01/04/2020	21,587	2,077,535	1.04
South Carolina	01/18/2020	3,126	01/11/2020	18,780	2,077,535	0.90
South Carolina	01/25/2020	2,248	01/18/2020	17,113	2,077,535	0.82
South Carolina	02/01/2020	2,099	01/25/2020	17,061	2,077,535	0.82
South Carolina	02/08/2020	2,054	02/01/2020	16,669	2,077,535	0.80
South Carolina	02/15/2020	2,088	02/08/2020	16,547	2,077,535	0.80
South Carolina	02/22/2020	1,824	02/15/2020	16,239	2,077,535	0.78
South Carolina	02/29/2020	1,977	02/22/2020	15,779	2,077,535	0.76
South Carolina	03/07/2020	1,889	02/29/2020	15,341	2,077,535	0.74
South Carolina	03/14/2020	2,093	03/07/2020	15,032	2,077,535	0.72
South Carolina	03/21/2020	31,826	03/14/2020	15,111	2,077,535	0.73
South Carolina	03/28/2020	66,475	03/21/2020	30,341	2,077,535	1.46
South Carolina	04/04/2020	86,573	03/28/2020	75,521	2,077,535	3.64
South Carolina	04/11/2020	89,147	04/04/2020	126,994	2,087,060	6.08
South Carolina	04/18/2020	74,362	04/11/2020	179,769	2,087,060	8.61
South Carolina	04/25/2020	66,438	04/18/2020	240,956	2,087,060	11.55
South Carolina	05/02/2020	47,673	04/25/2020	260,409	2,087,060	12.48
South Carolina	05/09/2020	33,191	05/02/2020	268,701	2,087,060	12.87
South Carolina	05/16/2020	29,899	05/09/2020	256,676	2,087,060	12.30
South Carolina	05/23/2020	25,380	05/16/2020	241,793	2,087,060	11.59
South Carolina	05/30/2020	18,910	05/23/2020	214,814	2,087,060	10.29
South Carolina	06/06/2020	23,188	05/30/2020	212,570	2,087,060	10.19
South Carolina	06/13/2020	19,853	06/06/2020	200,903	2,087,060	9.63
South Carolina	06/20/2020	17,611	06/13/2020	198,224	2,087,060	9.50
South Carolina	06/27/2020	17,654	06/20/2020	197,125	2,087,060	9.45
South Carolina	07/04/2020	16,015	06/27/2020	187,282	2,087,060	8.97
South Carolina	07/11/2020	19,272	07/04/2020	201,097	2,093,284	9.61
South Dakota	01/04/2020	398	12/28/2019	2,798	416,296	0.67
South Dakota	01/11/2020	468	01/04/2020	2,970	417,030	0.71
South Dakota	01/18/2020	338	01/11/2020	2,995	417,030	0.72
South Dakota	01/25/2020	291	01/18/2020	3,071	417,030	0.74
South Dakota	02/01/2020	217	01/25/2020	3,155	417,030	0.76
South Dakota	02/08/2020	223	02/01/2020	3,117	417,030	0.75
South Dakota	02/15/2020	194	02/08/2020	3,196	417,030	0.77
South Dakota	02/22/2020	191	02/15/2020	3,164	417,030	0.76
South Dakota	02/29/2020	159	02/22/2020	3,116	417,030	0.75
South Dakota	03/07/2020	185	02/29/2020	3,059	417,030	0.73
South Dakota	03/14/2020	190	03/07/2020	2,870	417,030	0.69
South Dakota	03/21/2020	1,761	03/14/2020	2,674	417,030	0.64
South Dakota	03/28/2020	6,801	03/21/2020	3,538	417,030	0.85
South Dakota	04/04/2020	8,138	03/28/2020	7,568	417,030	1.81
South Dakota	04/11/2020	6,359	04/04/2020	14,431	417,997	3.45
South Dakota	04/18/2020	5,295	04/11/2020	19,664	417,997	4.70
South Dakota	04/25/2020	5,535	04/18/2020	22,707	417,997	5.43
South Dakota	05/02/2020	3,929	04/25/2020	23,791	417,997	5.69
South Dakota	05/09/2020	5,269	05/02/2020	23,388	417,997	5.60
South Dakota	05/16/2020	3,891	05/09/2020	25,186	417,997	6.03
South Dakota	05/23/2020	3,471	05/16/2020	22,454	417,997	5.37
South Dakota	05/30/2020	1,498	05/23/2020	19,629	417,997	4.70
South Dakota	06/06/2020	880	05/30/2020	20,573	417,997	4.92
South Dakota	06/13/2020	1,065	06/06/2020	18,649	417,997	4.46
South Dakota	06/20/2020	910	06/13/2020	17,163	417,997	4.11
South Dakota	06/27/2020	644	06/20/2020	17,142	417,997	4.10
South Dakota	07/04/2020	835	06/27/2020	15,942	417,997	3.81
South Dakota	07/11/2020	1,216	07/04/2020	18,722	418,749	4.47
Tennessee	01/04/2020	3,084	12/28/2019	22,163	3,250,062	0.68
Tennessee	01/11/2020	3,711	01/04/2020	22,398	3,263,988	0.69
Tennessee	01/18/2020	3,093	01/11/2020	20,441	3,263,988	0.63
Tennessee	01/25/2020	2,484	01/18/2020	20,786	3,263,988	0.64
Tennessee	02/01/2020	2,362	01/25/2020	21,364	3,263,988	0.65
Tennessee	02/08/2020	2,161	02/01/2020	20,670	3,263,988	0.63
Tennessee	02/15/2020	2,140	02/08/2020	20,485	3,263,988	0.63
Tennessee	02/22/2020	1,855	02/15/2020	20,139	3,263,988	0.62
Tennessee	02/29/2020	2,014	02/22/2020	20,413	3,263,988	0.63
Tennessee	03/07/2020	2,032	02/29/2020	19,035	3,263,988	0.58
Tennessee	03/14/2020	2,702	03/07/2020	18,450	3,263,988	0.57
Tennessee	03/21/2020	38,077	03/14/2020	18,350	3,263,988	0.56
Tennessee	03/28/2020	92,500	03/21/2020	37,541	3,263,988	1.15
Tennessee	04/04/2020	112,186	03/28/2020	116,179	3,263,988	3.56
Tennessee	04/11/2020	71,887	04/04/2020	206,472	3,278,927	6.30
Tennessee	04/18/2020	67,226	04/11/2020	279,895	3,278,927	8.54
Tennessee	04/25/2020	42,805	04/18/2020	341,033	3,278,927	10.40
Tennessee	05/02/2020	36,323	04/25/2020	340,249	3,278,927	10.38
Tennessee	05/09/2020	28,377	05/02/2020	343,212	3,278,927	10.47
Tennessee	05/16/2020	27,990	05/09/2020	332,745	3,278,927	10.15
Tennessee	05/23/2020	25,439	05/16/2020	327,768	3,278,927	10.00
Tennessee	05/30/2020	22,255	05/23/2020	322,117	3,278,927	9.82
Tennessee	06/06/2020	20,908	05/30/2020	310,065	3,278,927	9.46
Tennessee	06/13/2020	19,413	06/06/2020	297,873	3,278,927	9.08
Tennessee	06/20/2020	20,506	06/13/2020	283,631	3,278,927	8.65
Tennessee	06/27/2020	21,544	06/20/2020	279,199	3,278,927	8.51
Tennessee	07/04/2020	24,920	06/27/2020	273,815	3,278,927	8.35
Tennessee	07/11/2020	22,060	07/04/2020	268,220	3,310,273	8.10
Texas	01/04/2020	12,367	12/28/2019	141,473	12,168,097	1.16
Texas	01/11/2020	21,902	01/04/2020	140,768	12,236,594	1.15
Texas	01/18/2020	15,783	01/11/2020	145,126	12,236,594	1.19
Texas	01/25/2020	13,070	01/18/2020	132,656	12,236,594	1.08
Texas	02/01/2020	13,818	01/25/2020	140,826	12,236,594	1.15
Texas	02/08/2020	13,869	02/01/2020	128,666	12,236,594	1.05
Texas	02/15/2020	12,790	02/08/2020	133,475	12,236,594	1.09
Texas	02/22/2020	12,047	02/15/2020	127,275	12,236,594	1.04
Texas	02/29/2020	12,692	02/22/2020	133,247	12,236,594	1.09
Texas	03/07/2020	14,355	02/29/2020	125,252	12,236,594	1.02
Texas	03/14/2020	16,176	03/07/2020	127,905	12,236,594	1.05
Texas	03/21/2020	155,426	03/14/2020	126,427	12,236,594	1.03
Texas	03/28/2020	276,185	03/21/2020	144,697	12,236,594	1.18
Texas	04/04/2020	315,167	03/28/2020	374,656	12,236,594	3.06
Texas	04/11/2020	274,257	04/04/2020	632,470	12,304,547	5.14
Texas	04/18/2020	280,761	04/11/2020	911,923	12,304,547	7.41
Texas	04/25/2020	254,084	04/18/2020	962,122	12,304,547	7.82
Texas	05/02/2020	243,935	04/25/2020	1,133,324	12,304,547	9.21
Texas	05/09/2020	141,553	05/02/2020	1,181,609	12,304,547	9.60
Texas	05/16/2020	134,065	05/09/2020	1,300,576	12,304,547	10.57
Texas	05/23/2020	127,717	05/16/2020	1,272,557	12,304,547	10.34
Texas	05/30/2020	106,677	05/23/2020	1,401,773	12,304,547	11.39
Texas	06/06/2020	89,676	05/30/2020	1,215,507	12,304,547	9.88
Texas	06/13/2020	94,723	06/06/2020	1,297,296	12,304,547	10.54
Texas	06/20/2020	89,547	06/13/2020	1,221,813	12,304,547	9.93
Texas	06/27/2020	96,593	06/20/2020	1,301,714	12,304,547	10.58
Texas	07/04/2020	117,099	06/27/2020	1,237,931	12,304,547	10.06
Texas	07/11/2020	105,516	07/04/2020	1,313,086	12,372,188	10.61
Utah	01/04/2020	1,518	12/28/2019	11,328	1,454,279	0.78
Utah	01/11/2020	1,834	01/04/2020	11,787	1,459,679	0.81
Utah	01/18/2020	1,458	01/11/2020	12,061	1,459,679	0.83
Utah	01/25/2020	1,271	01/18/2020	12,061	1,459,679	0.83
Utah	02/01/2020	1,290	01/25/2020	11,872	1,459,679	0.81
Utah	02/08/2020	1,303	02/01/2020	12,187	1,459,679	0.83
Utah	02/15/2020	1,097	02/08/2020	12,131	1,459,679	0.83
Utah	02/22/2020	1,008	02/15/2020	11,960	1,459,679	0.82
Utah	02/29/2020	885	02/22/2020	11,451	1,459,679	0.78
Utah	03/07/2020	1,015	02/29/2020	11,077	1,459,679	0.76
Utah	03/14/2020	1,305	03/07/2020	10,701	1,459,679	0.73
Utah	03/21/2020	19,690	03/14/2020	10,826	1,459,679	0.74
Utah	03/28/2020	28,532	03/21/2020	24,635	1,459,679	1.69
Utah	04/04/2020	33,040	03/28/2020	45,161	1,459,679	3.09
Utah	04/11/2020	24,515	04/04/2020	72,798	1,474,336	4.94
Utah	04/18/2020	19,649	04/11/2020	88,281	1,474,336	5.99
Utah	04/25/2020	11,738	04/18/2020	89,495	1,474,336	6.07
Utah	05/02/2020	8,992	04/25/2020	92,872	1,474,336	6.30
Utah	05/09/2020	7,076	05/02/2020	91,591	1,474,336	6.21
Utah	05/16/2020	6,228	05/09/2020	86,298	1,474,336	5.85
Utah	05/23/2020	5,405	05/16/2020	82,054	1,474,336	5.57
Utah	05/30/2020	4,948	05/23/2020	79,316	1,474,336	5.38
Utah	06/06/2020	5,382	05/30/2020	78,145	1,474,336	5.30
Utah	06/13/2020	4,803	06/06/2020	75,383	1,474,336	5.11
Utah	06/20/2020	4,915	06/13/2020	73,619	1,474,336	4.99
Utah	06/27/2020	4,965	06/20/2020	72,216	1,474,336	4.90
Utah	07/04/2020	4,802	06/27/2020	70,639	1,474,336	4.79
Utah	07/11/2020	4,792	07/04/2020	69,999	1,483,888	4.72
Vermont	01/04/2020	680	12/28/2019	5,417	303,175	1.79
Vermont	01/11/2020	649	01/04/2020	5,609	303,508	1.85
Vermont	01/18/2020	755	01/11/2020	4,961	303,508	1.63
Vermont	01/25/2020	518	01/18/2020	4,986	303,508	1.64
Vermont	02/01/2020	481	01/25/2020	5,006	303,508	1.65
Vermont	02/08/2020	475	02/01/2020	4,824	303,508	1.59
Vermont	02/15/2020	543	02/08/2020	4,931	303,508	1.62
Vermont	02/22/2020	610	02/15/2020	4,872	303,508	1.61
Vermont	02/29/2020	863	02/22/2020	5,039	303,508	1.66
Vermont	03/07/2020	446	02/29/2020	5,219	303,508	1.72
Vermont	03/14/2020	659	03/07/2020	4,896	303,508	1.61
Vermont	03/21/2020	3,784	03/14/2020	4,810	303,508	1.58
Vermont	03/28/2020	14,633	03/21/2020	13,797	303,508	4.55
Vermont	04/04/2020	16,474	03/28/2020	21,953	303,508	7.23
Vermont	04/11/2020	9,662	04/04/2020	31,204	303,379	10.29
Vermont	04/18/2020	6,598	04/11/2020	64,313	303,379	21.20
Vermont	04/25/2020	5,117	04/18/2020	76,457	303,379	25.20
Vermont	05/02/2020	3,875	04/25/2020	60,535	303,379	19.95
Vermont	05/09/2020	2,913	05/02/2020	57,040	303,379	18.80
Vermont	05/16/2020	2,199	05/09/2020	55,103	303,379	18.16
Vermont	05/23/2020	1,552	05/16/2020	50,285	303,379	16.57
Vermont	05/30/2020	1,465	05/23/2020	46,316	303,379	15.27
Vermont	06/06/2020	1,650	05/30/2020	45,207	303,379	14.90
Vermont	06/13/2020	1,859	06/06/2020	43,338	303,379	14.29
Vermont	06/20/2020	1,389	06/13/2020	42,681	303,379	14.07
Vermont	06/27/2020	2,163	06/20/2020	42,420	303,379	13.98
Vermont	07/04/2020	1,876	06/27/2020	39,089	303,379	12.88
Vermont	07/11/2020	1,830	07/04/2020	38,335	303,295	12.64
Virgin Islands	01/04/2020	10	12/28/2019	468	33,306	1.41
Virgin Islands	01/11/2020	24	01/04/2020	534	34,238	1.56
Virgin Islands	01/18/2020	40	01/11/2020	562	34,238	1.64
Virgin Islands	01/25/2020	44	01/18/2020	552	34,238	1.61
Virgin Islands	02/01/2020	35	01/25/2020	516	34,238	1.51
Virgin Islands	02/08/2020	45	02/01/2020	522	34,238	1.52
Virgin Islands	02/15/2020	40	02/08/2020	508	34,238	1.48
Virgin Islands	02/22/2020	55	02/15/2020	508	34,238	1.48
Virgin Islands	02/29/2020	37	02/22/2020	562	34,238	1.64
Virgin Islands	03/07/2020	64	02/29/2020	586	34,238	1.71
Virgin Islands	03/14/2020	44	03/07/2020	592	34,238	1.73
Virgin Islands	03/21/2020	123	03/14/2020	584	34,238	1.71
Virgin Islands	03/28/2020	250	03/21/2020	512	34,238	1.50
Virgin Islands	04/04/2020	72	03/28/2020	658	34,238	1.92
Virgin Islands	04/11/2020	6	04/04/2020	776	35,422	2.19
Virgin Islands	04/18/2020	13	04/11/2020	1,322	35,422	3.73
Virgin Islands	04/25/2020	103	04/18/2020	1,468	35,422	4.14
Virgin Islands	05/02/2020	45	04/25/2020	1,882	35,422	5.31
Virgin Islands	05/09/2020	70	05/02/2020	2,812	35,422	7.94
Virgin Islands	05/16/2020	66	05/09/2020	3,572	35,422	10.08
Virgin Islands	05/23/2020	47	05/16/2020	4,534	35,422	12.80
Virgin Islands	05/30/2020	32	05/23/2020	4,642	35,422	13.10
Virgin Islands	06/06/2020	32	05/30/2020	5,564	35,422	15.71
Virgin Islands	06/13/2020	53	06/06/2020	5,734	35,422	16.19
Virgin Islands	06/20/2020	63	06/13/2020	6,294	35,422	17.77
Virgin Islands	06/27/2020	57	06/20/2020	6,194	35,422	17.49
Virgin Islands	07/04/2020	38	06/27/2020	4,638	35,422	13.09
Virgin Islands	07/11/2020	70	07/04/2020	5,574	36,677	15.20
Virginia	01/04/2020	3,188	12/28/2019	22,171	3,722,198	0.60
Virginia	01/11/2020	3,643	01/04/2020	23,577	3,731,069	0.63
Virginia	01/18/2020	2,831	01/11/2020	22,218	3,731,069	0.60
Virginia	01/25/2020	3,059	01/18/2020	21,661	3,731,069	0.58
Virginia	02/01/2020	2,575	01/25/2020	22,263	3,731,069	0.60
Virginia	02/08/2020	3,097	02/01/2020	22,049	3,731,069	0.59
Virginia	02/15/2020	2,693	02/08/2020	22,481	3,731,069	0.60
Virginia	02/22/2020	2,079	02/15/2020	22,493	3,731,069	0.60
Virginia	02/29/2020	3,267	02/22/2020	22,203	3,731,069	0.60
Virginia	03/07/2020	2,527	02/29/2020	22,714	3,731,069	0.61
Virginia	03/14/2020	2,706	03/07/2020	21,336	3,731,069	0.57
Virginia	03/21/2020	46,277	03/14/2020	21,628	3,731,069	0.58
Virginia	03/28/2020	112,497	03/21/2020	41,827	3,731,069	1.12
Virginia	04/04/2020	147,369	03/28/2020	133,184	3,731,069	3.57
Virginia	04/11/2020	104,619	04/04/2020	236,791	3,731,069	6.35
Virginia	04/18/2020	82,729	04/11/2020	297,993	3,739,821	7.97
Virginia	04/25/2020	72,488	04/18/2020	341,295	3,739,821	9.13
Virginia	05/02/2020	59,631	04/25/2020	376,689	3,739,821	10.07
Virginia	05/09/2020	52,139	05/02/2020	392,673	3,739,821	10.50
Virginia	05/16/2020	44,699	05/09/2020	403,557	3,739,821	10.79
Virginia	05/23/2020	39,242	05/16/2020	402,926	3,739,821	10.77
Virginia	05/30/2020	31,379	05/23/2020	398,411	3,739,821	10.65
Virginia	06/06/2020	29,231	05/30/2020	396,056	3,739,821	10.59
Virginia	06/13/2020	27,186	06/06/2020	386,893	3,739,821	10.35
Virginia	06/20/2020	25,293	06/13/2020	375,579	3,739,821	10.04
Virginia	06/27/2020	31,955	06/20/2020	366,714	3,739,821	9.81
Virginia	07/04/2020	31,825	06/27/2020	378,607	3,739,821	10.12
Virginia	07/11/2020	32,292	07/04/2020	372,070	3,751,738	9.92
Washington	01/04/2020	10,024	12/28/2019	70,363	3,317,884	2.12
Washington	01/11/2020	9,069	01/04/2020	70,214	3,333,838	2.11
Washington	01/18/2020	9,079	01/11/2020	65,903	3,333,838	1.98
Washington	01/25/2020	8,072	01/18/2020	67,705	3,333,838	2.03
Washington	02/01/2020	6,619	01/25/2020	65,260	3,333,838	1.96
Washington	02/08/2020	7,161	02/01/2020	64,144	3,333,838	1.92
Washington	02/15/2020	6,311	02/08/2020	61,819	3,333,838	1.85
Washington	02/22/2020	5,585	02/15/2020	59,819	3,333,838	1.79
Washington	02/29/2020	5,770	02/22/2020	58,586	3,333,838	1.76
Washington	03/07/2020	6,616	02/29/2020	56,513	3,333,838	1.70
Washington	03/14/2020	14,240	03/07/2020	55,588	3,333,838	1.67
Washington	03/21/2020	129,909	03/14/2020	62,623	3,333,838	1.88
Washington	03/28/2020	182,849	03/21/2020	158,025	3,333,838	4.74
Washington	04/04/2020	171,252	03/28/2020	309,411	3,333,838	9.28
Washington	04/11/2020	144,455	04/04/2020	442,936	3,351,028	13.22
Washington	04/18/2020	83,475	04/11/2020	535,185	3,351,028	15.97
Washington	04/25/2020	139,505	04/18/2020	573,374	3,351,028	17.11
Washington	05/02/2020	102,216	04/25/2020	604,048	3,351,028	18.03
Washington	05/09/2020	110,831	05/02/2020	739,795	3,351,028	22.08
Washington	05/16/2020	140,119	05/09/2020	1,045,456	3,351,028	31.20
Washington	05/23/2020	49,436	05/16/2020	593,287	3,351,028	17.70
Washington	05/30/2020	31,929	05/23/2020	479,768	3,351,028	14.32
Washington	06/06/2020	30,677	05/30/2020	438,156	3,351,028	13.08
Washington	06/13/2020	30,217	06/06/2020	410,204	3,351,028	12.24
Washington	06/20/2020	30,793	06/13/2020	418,459	3,351,028	12.49
Washington	06/27/2020	33,266	06/20/2020	416,604	3,351,028	12.43
Washington	07/04/2020	29,506	06/27/2020	380,975	3,351,028	11.37
Washington	07/11/2020	45,622	07/04/2020	387,558	3,383,128	11.46
West Virginia	01/04/2020	1,564	12/28/2019	15,887	670,192	2.37
West Virginia	01/11/2020	2,638	01/04/2020	18,026	670,051	2.69
West Virginia	01/18/2020	1,895	01/11/2020	17,681	670,051	2.64
West Virginia	01/25/2020	1,290	01/18/2020	16,745	670,051	2.50
West Virginia	02/01/2020	1,364	01/25/2020	16,905	670,051	2.52
West Virginia	02/08/2020	1,206	02/01/2020	16,588	670,051	2.48
West Virginia	02/15/2020	1,172	02/08/2020	16,856	670,051	2.52
West Virginia	02/22/2020	1,207	02/15/2020	17,355	670,051	2.59
West Virginia	02/29/2020	1,108	02/22/2020	16,797	670,051	2.51
West Virginia	03/07/2020	1,033	02/29/2020	16,110	670,051	2.40
West Virginia	03/14/2020	865	03/07/2020	15,394	670,051	2.30
West Virginia	03/21/2020	3,536	03/14/2020	14,154	670,051	2.11
West Virginia	03/28/2020	14,523	03/21/2020	21,145	670,051	3.16
West Virginia	04/04/2020	14,494	03/28/2020	36,690	670,051	5.48
West Virginia	04/11/2020	14,944	04/04/2020	48,597	667,871	7.28
West Virginia	04/18/2020	46,755	04/11/2020	96,128	667,871	14.39
West Virginia	04/25/2020	29,818	04/18/2020	146,566	667,871	21.95
West Virginia	05/02/2020	13,227	04/25/2020	110,377	667,871	16.53
West Virginia	05/09/2020	6,045	05/02/2020	107,405	667,871	16.08
West Virginia	05/16/2020	5,026	05/09/2020	98,794	667,871	14.79
West Virginia	05/23/2020	4,904	05/16/2020	93,086	667,871	13.94
West Virginia	05/30/2020	4,685	05/23/2020	84,610	667,871	12.67
West Virginia	06/06/2020	4,413	05/30/2020	83,162	667,871	12.45
West Virginia	06/13/2020	4,327	06/06/2020	75,236	667,871	11.27
West Virginia	06/20/2020	3,756	06/13/2020	70,276	667,871	10.52
West Virginia	06/27/2020	3,532	06/20/2020	69,096	667,871	10.35
West Virginia	07/04/2020	3,330	06/27/2020	65,556	667,871	9.82
West Virginia	07/11/2020	4,070	07/04/2020	64,342	664,212	9.69
Wisconsin	01/04/2020	12,854	12/28/2019	49,605	2,848,173	1.74
Wisconsin	01/11/2020	8,255	01/04/2020	53,305	2,851,929	1.87
Wisconsin	01/18/2020	6,388	01/11/2020	44,776	2,851,929	1.57
Wisconsin	01/25/2020	6,134	01/18/2020	44,077	2,851,929	1.55
Wisconsin	02/01/2020	6,280	01/25/2020	44,425	2,851,929	1.56
Wisconsin	02/08/2020	6,579	02/01/2020	44,477	2,851,929	1.56
Wisconsin	02/15/2020	5,808	02/08/2020	44,163	2,851,929	1.55
Wisconsin	02/22/2020	6,098	02/15/2020	43,996	2,851,929	1.54
Wisconsin	02/29/2020	5,658	02/22/2020	43,574	2,851,929	1.53
Wisconsin	03/07/2020	5,052	02/29/2020	42,337	2,851,929	1.48
Wisconsin	03/14/2020	5,190	03/07/2020	40,738	2,851,929	1.43
Wisconsin	03/21/2020	51,031	03/14/2020	43,607	2,851,929	1.53
Wisconsin	03/28/2020	110,934	03/21/2020	99,574	2,851,929	3.49
Wisconsin	04/04/2020	104,823	03/28/2020	208,387	2,851,929	7.31
Wisconsin	04/11/2020	70,000	04/04/2020	262,847	2,853,837	9.21
Wisconsin	04/18/2020	55,883	04/11/2020	299,532	2,853,837	10.50
Wisconsin	04/25/2020	49,993	04/18/2020	321,063	2,853,837	11.25
Wisconsin	05/02/2020	37,885	04/25/2020	314,025	2,853,837	11.00
Wisconsin	05/09/2020	38,710	05/02/2020	313,248	2,853,837	10.98
Wisconsin	05/16/2020	31,287	05/09/2020	308,397	2,853,837	10.81
Wisconsin	05/23/2020	28,967	05/16/2020	291,677	2,853,837	10.22
Wisconsin	05/30/2020	24,661	05/23/2020	269,678	2,853,837	9.45
Wisconsin	06/06/2020	25,047	05/30/2020	255,805	2,853,837	8.96
Wisconsin	06/13/2020	25,543	06/06/2020	238,528	2,853,837	8.36
Wisconsin	06/20/2020	25,428	06/13/2020	225,424	2,853,837	7.90
Wisconsin	06/27/2020	24,925	06/20/2020	222,897	2,853,837	7.81
Wisconsin	07/04/2020	27,385	06/27/2020	218,553	2,853,837	7.66
Wisconsin	07/11/2020	29,051	07/04/2020	224,765	2,855,007	7.87
Wyoming	01/04/2020	662	12/28/2019	3,219	267,362	1.20
Wyoming	01/11/2020	829	01/04/2020	3,302	268,518	1.23
Wyoming	01/18/2020	636	01/11/2020	3,301	268,518	1.23
Wyoming	01/25/2020	531	01/18/2020	3,354	268,518	1.25
Wyoming	02/01/2020	529	01/25/2020	3,475	268,518	1.29
Wyoming	02/08/2020	589	02/01/2020	3,507	268,518	1.31
Wyoming	02/15/2020	598	02/08/2020	3,699	268,518	1.38
Wyoming	02/22/2020	389	02/15/2020	3,611	268,518	1.34
Wyoming	02/29/2020	471	02/22/2020	3,543	268,518	1.32
Wyoming	03/07/2020	534	02/29/2020	3,508	268,518	1.31
Wyoming	03/14/2020	517	03/07/2020	3,375	268,518	1.26
Wyoming	03/21/2020	3,653	03/14/2020	3,197	268,518	1.19
Wyoming	03/28/2020	6,396	03/21/2020	4,519	268,518	1.68
Wyoming	04/04/2020	6,543	03/28/2020	7,790	268,518	2.90
Wyoming	04/11/2020	5,794	04/04/2020	11,212	270,013	4.15
Wyoming	04/18/2020	4,381	04/11/2020	14,302	270,013	5.30
Wyoming	04/25/2020	3,497	04/18/2020	16,566	270,013	6.14
Wyoming	05/02/2020	2,854	04/25/2020	17,521	270,013	6.49
Wyoming	05/09/2020	3,297	05/02/2020	17,928	270,013	6.64
Wyoming	05/16/2020	2,303	05/09/2020	17,335	270,013	6.42
Wyoming	05/23/2020	2,800	05/16/2020	17,631	270,013	6.53
Wyoming	05/30/2020	2,421	05/23/2020	15,853	270,013	5.87
Wyoming	06/06/2020	2,013	05/30/2020	15,552	270,013	5.76
Wyoming	06/13/2020	1,539	06/06/2020	15,371	270,013	5.69
Wyoming	06/20/2020	1,402	06/13/2020	15,070	270,013	5.58
Wyoming	06/27/2020	1,418	06/20/2020	14,494	270,013	5.37
Wyoming	07/04/2020	1,338	06/27/2020	14,048	270,013	5.20
Wyoming	07/11/2020	1,485	07/04/2020	13,711	269,607	5.09
